transaction_id,transaction_date,transaction_amount,merchant_category,customer_id,customer_age,customer_gender,customer_adress,transaction_adress,merchant_name
1,12/1/2022,400426.77,Clothing,1,77,Male,Tangjiakou,Whitchurch,Amazon
2,1/1/2023,115044.38,Electronics,2,55,Female,Atães,Tōno,Walmart
3,12/30/2022,302812.27,Electronics,3,77,Male,Guanbuqiao,Ōhara,Walmart
4,1/7/2023,623854.58,Grocery,4,67,Female,Daru Rilwan,,Ali Express
5,1/2/2023,773139.57,Entertainment,5,74,Male,Hengzhou,Tundagan,Ebay
6,2/9/2023,810601.1,Entertainment,6,21,Female,Nagrog Wetan,Lianpeng,Walmart
7,1/19/2023,940396.3,Home Goods,7,20,Male,Central,Cartagena,Amazon
8,3/3/2023,295072.35,Grocery,8,20,Male,Czyżowice,Bellavista,Ali Express
9,2/13/2023,873360.63,Clothing,9,72,Agender,Chencai,Cikuray,Amazon
10,1/9/2023,533479.94,Electronics,10,39,Male,Lian’an,Buqei‘a,Walmart
11,12/26/2022,211191.19,Grocery,11,41,Female,Baiquan,Chyňava,Walmart
12,7/1/2022,896521.73,Entertainment,12,62,Male,Tudela,Dulles,Ebay
13,1/18/2023,868009.35,Home Goods,13,48,Male,Solomenskoye,Sete Cidades,Amazon
14,9/13/2022,482635.75,Clothing,14,82,Female,Banjar Pedawa,Pamplona/Iruña,Walmart
15,7/20/2022,383104.63,Electronics,15,64,Male,Monastir,San Antonio,Ebay
16,5/26/2022,682253.62,Entertainment,16,68,Female,Taosha,Korolëv Stan,Ali Express
17,3/20/2023,950889.8,Home Goods,17,28,Female,Panalingaan,Nikolayevka,Amazon
18,6/5/2022,213810.03,Clothing,18,65,Male,Genisséa,,Ali Express
19,5/20/2022,689128.05,Clothing,19,40,Male,Tsimlyansk,Aquidauana,Amazon
20,5/22/2022,832479.82,Electronics,20,28,Male,Pysznica,Guyang,Walmart
21,10/26/2022,933491.65,Clothing,21,53,Female,Consolacion,Đạ Tẻh,Ebay
22,4/3/2023,793039.46,Entertainment,22,62,Male,Falun,Werangere,Amazon
23,4/9/2023,942950.0,Home Goods,23,79,Non-binary,Carnot,,Ali Express
24,10/12/2022,773519.11,Clothing,24,21,Female,Ma Đa Gui,Vänersborg,Ebay
25,11/1/2022,249823.48,Entertainment,25,80,Male,Kirkland Lake,Port-au-Prince,Walmart
26,3/26/2023,900510.05,Clothing,26,60,Polygender,Matatiele,Sorong,Walmart
27,6/13/2022,961013.18,Electronics,27,71,Female,Dongtai,Thị Trấn Triệu Sơn,Ali Express
28,5/27/2022,748085.03,Clothing,28,30,Female,Capâo Bonito,Cáchira,Ebay
29,2/18/2023,187168.42,Clothing,29,65,Female,Pedraza La Vieja,Muang Xay,Walmart
30,12/29/2022,153504.63,Grocery,30,41,Male,Gongfang,Castelo,Walmart
31,1/8/2023,601873.33,Clothing,31,61,Male,Kyrenia,Bzenec,Ebay
32,11/5/2022,885840.56,Home Goods,32,39,Female,Brotas,,Ali Express
33,11/9/2022,391272.11,Home Goods,33,81,Male,Dongobesh,Dongtai,Walmart
34,12/10/2022,455347.5,Grocery,34,73,Female,Moinhos,Varkaus,Ebay
35,1/3/2023,238022.47,Entertainment,35,83,Male,Xinxing,Kaberamaido,Ali Express
36,1/14/2023,531714.79,Home Goods,36,51,Male,Ruda-Huta,Huallanca,Ebay
37,12/31/2022,93225.7,Electronics,37,50,Male,Béziers,Guniushan,Ali Express
38,11/8/2022,613208.46,Grocery,38,36,Female,Kibingo,Garwolin,Walmart
39,10/3/2022,739096.86,Electronics,39,28,Male,Laironja,Juren,Walmart
40,9/14/2022,652347.56,Entertainment,40,80,Male,Los Santos,Vágia,Ebay
41,7/3/2022,815484.91,Entertainment,41,82,Male,Yuncheng,Amucao,Walmart
42,11/16/2022,700434.16,Home Goods,42,23,Male,Ballybofey,Sukacai,Walmart
43,8/5/2022,29437.55,Home Goods,43,52,Female,Sitangkai,Cergy-Pontoise,Walmart
44,3/1/2023,523902.03,Clothing,44,24,Male,Shangcai Zhongxing,Labrador,Walmart
45,2/27/2023,244108.36,Clothing,45,74,Male,Jinshan,Chornukhyne,Ali Express
46,9/27/2022,887761.77,Clothing,46,45,Male,Zhaoqing,Haolibao,Walmart
47,1/26/2023,841641.49,Grocery,47,61,Female,Vereshchagino,Zhuangxing,Amazon
48,3/8/2023,42034.37,Grocery,48,74,Polygender,Caacupé,Duma,Amazon
49,2/25/2023,401106.61,Home Goods,49,73,Male,Orhei,Rennes,Amazon
50,12/3/2022,631788.48,Home Goods,50,29,Male,Malaḩ,Qal‘at Bīshah,Amazon
51,11/4/2022,658270.23,Entertainment,51,27,Male,Aral,Al Mazzūnah,Ali Express
52,4/6/2023,446958.72,Clothing,52,50,Male,Nevel’sk,Karmah an Nuzul,Amazon
53,3/17/2023,615157.77,Electronics,53,37,Male,Wanga,Rymanów,Ali Express
54,9/10/2022,912554.41,Entertainment,54,53,Male,Oslo,Piła,Ebay
55,10/21/2022,680436.4,Grocery,55,72,Female,Tokmok,Zhongping,Ali Express
56,2/2/2023,197836.4,Entertainment,56,30,Male,Jinshan,Tagasilay,Ali Express
57,3/13/2023,308191.09,Entertainment,57,77,Male,Pochep,Tajimi,Amazon
58,11/26/2022,54820.38,Entertainment,58,75,Male,Plumtree,,Ali Express
59,11/29/2022,311240.1,Grocery,59,43,Female,Franco da Rocha,Yuzui,Ali Express
60,8/31/2022,478320.52,Entertainment,60,75,Male,Ilha Solteira,Ngembel,Walmart
61,7/19/2022,520832.13,Electronics,61,42,Male,Gualeguay,Dongjiao,Ali Express
62,3/18/2023,776879.06,Electronics,62,71,Genderfluid,Al Wāsiţah,Linköping,Ali Express
63,4/17/2023,366944.31,Electronics,63,77,Female,København,Shaoyang,Walmart
64,2/20/2023,153088.44,Clothing,64,18,Female,Mölndal,Bandar Seri Begawan,Ebay
65,5/23/2022,322214.02,Grocery,65,45,Male,La Mesa,Jiefu,Walmart
66,6/14/2022,786519.26,Clothing,66,58,Male,Broumov,Wangba,Amazon
67,1/9/2023,829301.01,Clothing,67,48,Male,San Jose,Gexi,Walmart
68,5/10/2022,803804.46,Home Goods,68,70,Female,Flor da Mata,,Amazon
69,8/23/2022,440309.43,Entertainment,69,56,Male,San Roque,Taoyuan,Ebay
70,12/29/2022,753286.57,Grocery,70,45,Male,Licheń Stary,Konice,Ebay
71,10/15/2022,733210.95,Electronics,71,34,Male,San Javier,Ziketan,Ebay
72,4/3/2023,196097.75,Electronics,72,27,Male,Bila,Gornyye Klyuchi,Ali Express
73,9/7/2022,650068.08,Entertainment,73,33,Female,Ugac Sur,Chernyanka,Ali Express
74,10/21/2022,761704.48,Clothing,74,74,Male,Sundumbili,Toulon,Ebay
75,5/4/2022,866527.2,Grocery,75,55,Agender,Yintang,Nova Praha,Amazon
76,6/20/2022,606473.29,Electronics,76,27,Female,Jetis,Arkhaía Kórinthos,Amazon
77,5/6/2022,430267.42,Entertainment,77,43,Female,Dodu Dua,Johanneshov,Ali Express
78,1/28/2023,542447.93,Clothing,78,75,Male,Boshan,Şānūr,Ebay
79,7/14/2022,249535.04,Home Goods,79,61,Female,Xinan,Al Bayḑā’,Amazon
80,12/7/2022,379406.02,Home Goods,80,83,Female,Biru,Mehendiganj,Walmart
81,7/9/2022,155891.22,Home Goods,81,30,Male,Bakuriani,Gazanjyk,Amazon
82,5/14/2022,284550.0,Electronics,82,77,Male,Sezimovo Ústí,An Lão,Walmart
83,11/4/2022,440155.48,Entertainment,83,21,Female,Zhenlong,,Ali Express
84,5/9/2022,429070.4,Home Goods,84,76,Male,Kornyn,Mabuttal East,Amazon
85,4/7/2023,896295.06,Grocery,85,32,Male,Kasese,Xinba,Amazon
86,7/25/2022,176253.71,Grocery,86,55,Male,Kuroda,Prosvet,Ebay
87,11/27/2022,695087.86,Entertainment,87,70,Male,Luoshan,Chełmiec,Walmart
88,1/12/2023,655821.08,Clothing,88,43,Male,Wonosari,,Ebay
89,10/20/2022,182466.22,Grocery,89,34,Female,Thun,Puerto Quijarro,Walmart
90,5/10/2022,333228.12,Electronics,90,77,Female,Cruz das Almas,Urechcha,Ebay
91,6/9/2022,236097.99,Entertainment,91,24,Male,Ubatã,Obando,Amazon
92,5/6/2022,23177.32,Entertainment,92,24,Female,Henghe,Mouzourás,Amazon
93,10/16/2022,535833.62,Home Goods,93,58,Genderfluid,Zhulin,Novoderevyankovskaya,Ebay
94,2/11/2023,56618.14,Clothing,94,61,Female,Bang Yai,Morangis,Amazon
95,11/16/2022,974433.67,Grocery,95,67,Female,Yushang,Kutno,Ali Express
96,11/19/2022,971934.51,Grocery,96,55,Male,Jingdezhen,Daru Rilwan,Ali Express
97,8/8/2022,67045.44,Clothing,97,53,Male,Siedleczka,Koslan,Ebay
98,11/25/2022,40701.52,Home Goods,98,40,Male,Flor da Rosa,Haymā’,Ebay
99,7/20/2022,477454.49,Clothing,99,26,Female,Örgön,Donggaohuang,Ebay
100,11/26/2022,169556.78,Clothing,100,76,Male,Berëza,,Ali Express
101,11/30/2022,618454.46,Entertainment,101,52,Female,Lekaj,Hexi,Amazon
102,11/21/2022,630534.57,Home Goods,102,56,Male,Verkhnya Syrovatka,Renhe,Walmart
103,5/21/2022,958991.64,Home Goods,103,51,Male,Krasnogorskiy,Meghrashen,Walmart
104,1/18/2023,744900.65,Entertainment,104,36,Female,Gorno-Altaysk,Rockford,Ali Express
105,8/24/2022,946140.77,Home Goods,105,75,Male,Wugong,Uppsala,Amazon
106,2/19/2023,852169.08,Home Goods,106,70,Female,Pofadder,,Ali Express
107,7/2/2022,291339.61,Home Goods,107,37,Male,Champagnole,Uherce Mineralne,Amazon
108,8/3/2022,361145.25,Home Goods,108,32,Female,Ticrapo,Sambogunung,Amazon
109,8/18/2022,981889.63,Electronics,109,72,Male,Vetluzhskiy,,Walmart
110,9/2/2022,482380.15,Home Goods,110,41,Agender,Komatsushimachō,Caparrapí,Ebay
111,11/11/2022,414080.29,Electronics,111,20,Male,Tianjiazhuang,Mutengene,Walmart
112,10/21/2022,862079.49,Grocery,112,64,Male,Krajan,Dukuhturi,Ebay
113,1/23/2023,156528.05,Clothing,113,51,Female,Ijero-Ekiti,Burirao,Amazon
114,2/12/2023,580352.4,Clothing,114,72,Male,Cúcuta,Vestmanna,Amazon
115,12/10/2022,731031.73,Electronics,115,38,Genderfluid,Al ‘Awjah,Toulon,Amazon
116,4/2/2023,852333.16,Entertainment,116,53,Agender,Shiraoi,,Ali Express
117,4/15/2023,950308.57,Electronics,117,38,Male,Libei,Zemlyansk,Amazon
118,3/3/2023,103853.28,Electronics,118,68,Male,Şūrān,Kotri,Walmart
119,7/11/2022,429205.17,Electronics,119,71,Female,Thomassique,Vällingby,Walmart
120,1/12/2023,118118.07,Grocery,120,33,Female,Babirik,Belverde,Ali Express
121,4/26/2023,285498.38,Electronics,121,43,Agender,Xiawa,Gardēz,Walmart
122,1/27/2023,142440.43,Home Goods,122,38,Male,Sørvágur,Basco,Ebay
123,9/26/2022,47920.39,Electronics,123,81,Male,Komsomolsk-on-Amur,Jukui,Ebay
124,4/30/2022,9285.8,Entertainment,124,59,Female,Roldanillo,Longtanhe,Ebay
125,3/28/2023,192206.62,Electronics,125,37,Female,Shidu,Longkali,Amazon
126,9/20/2022,991229.76,Grocery,126,41,Female,Blumenau,Tabug,Ali Express
127,7/1/2022,257883.86,Electronics,127,33,Female,Ménaka,Deauville,Ali Express
128,5/10/2022,488010.92,Electronics,128,79,Female,Siem Reap,Sam Ngam,Ebay
129,6/3/2022,767165.61,Clothing,129,56,Male,Vigo,Vroutek,Amazon
130,11/4/2022,879472.79,Entertainment,130,46,Male,Bendosewu,Yumani,Ebay
131,6/25/2022,767852.62,Grocery,131,84,Female,Huangrangping,Tangwāni,Amazon
132,6/8/2022,769567.23,Home Goods,132,21,Male,Padabeunghar,Liudu,Ebay
133,3/24/2023,29040.98,Entertainment,133,80,Agender,Sawang Daen Din,,Ebay
134,12/24/2022,411518.6,Grocery,134,60,Female,Oakland,Kazo,Amazon
135,2/7/2023,837813.54,Entertainment,135,65,Male,La Paz,Orlando,Walmart
136,3/27/2023,302985.01,Grocery,136,76,Female,Mīzan Teferī,Sembungan Kidul,Amazon
137,4/23/2023,54152.23,Electronics,137,71,Male,Temeke,Kalnibolotskaya,Amazon
138,12/3/2022,57110.47,Grocery,138,79,Male,Pyzdry,Mingshan,Walmart
139,5/29/2022,300295.85,Clothing,139,43,Female,Lesnoy,Mekarsari,Ebay
140,12/10/2022,122769.43,Grocery,140,30,Non-binary,Sawankhalok,Wola Filipowska,Walmart
141,10/15/2022,448615.63,Grocery,141,73,Male,Juan N Alvarez,Padre Nabeto,Walmart
142,12/13/2022,77625.05,Grocery,142,35,Male,Kazo,Claresholm,Walmart
143,8/29/2022,640379.63,Electronics,143,35,Male,New Cebu,Vyksa,Ali Express
144,8/1/2022,253091.49,Electronics,144,26,Female,Penza,Nikolayevsk,Amazon
145,1/31/2023,292407.0,Entertainment,145,24,Female,São João del Rei,Limeira,Walmart
146,3/17/2023,33810.14,Electronics,146,62,Male,Chrást,Drawsko,Ebay
147,6/22/2022,348103.75,Entertainment,147,21,Male,Bacun,Ḩājjīābād,Walmart
148,6/12/2022,434112.88,Electronics,148,19,Male,Wagini,Al Fashn,Amazon
149,6/10/2022,974881.92,Grocery,149,45,Male,Pilar,Xingxi,Walmart
150,4/13/2023,762343.88,Home Goods,150,25,Male,Vista Hermosa,Otllak,Ali Express
151,4/25/2023,21797.9,Clothing,151,23,Male,Rennes,Majin,Ali Express
152,6/15/2022,671370.06,Clothing,152,66,Male,Ampahana,Siguqiao,Walmart
153,7/1/2022,792965.07,Entertainment,153,21,Female,Ponta Grossa,,Ali Express
154,7/13/2022,373463.27,Entertainment,154,38,Female,Hebian,Huogezhuang,Walmart
155,7/7/2022,812943.85,Home Goods,155,68,Male,Chahannao,Kingsport,Amazon
156,5/15/2022,783732.32,Electronics,156,34,Female,Maunggora,Tomorlog,Amazon
157,6/27/2022,84762.49,Clothing,157,65,Male,Priob’ye,Bacem,Walmart
158,12/27/2022,310010.71,Grocery,158,74,Female,Qiaogu,Enschede,Walmart
159,11/7/2022,649391.7,Electronics,159,35,Female,Alta Gracia,Marly-le-Roi,Amazon
160,3/7/2023,362750.42,Entertainment,160,20,Male,Bagumbayan,Makrýgialos,Amazon
161,8/12/2022,594777.94,Grocery,161,51,Female,Dailing,Salyan,Ebay
162,3/5/2023,700585.17,Electronics,162,78,Male,Zoetermeer,Bent Jbaïl,Amazon
163,8/30/2022,545775.26,Electronics,163,31,Female,Saint-Amand-les-Eaux,Gandoang,Ebay
164,12/9/2022,894900.9,Entertainment,164,59,Female,Risaralda,,Amazon
165,12/16/2022,215161.78,Grocery,165,26,Female,Zibu,,Ali Express
166,5/25/2022,29356.78,Grocery,166,58,Agender,Meipu,Shouchang,Amazon
167,5/12/2022,554966.32,Home Goods,167,60,Male,Dayapan,Vurğun,Walmart
168,11/30/2022,933452.85,Electronics,168,33,Female,Yankou,Sampaloc,Walmart
169,4/9/2023,408171.84,Entertainment,169,42,Male,Sagaing,,Ali Express
170,10/13/2022,423876.11,Electronics,170,19,Male,Nouakchott,Trondheim,Walmart
171,11/5/2022,836442.29,Clothing,171,74,Genderqueer,Battambang,Vredenburg,Ebay
172,1/28/2023,388180.48,Entertainment,172,54,Female,Fucheng,Sumiainen,Ali Express
173,2/27/2023,444866.24,Clothing,173,85,Female,Xinhe,Buqei‘a,Ebay
174,6/10/2022,105115.09,Grocery,174,54,Female,Vršac,,Walmart
175,2/11/2023,947768.56,Entertainment,175,37,Female,An Nāşirah,Aqqan,Ali Express
176,12/17/2022,986322.81,Clothing,176,72,Female,Ban Lam Luk Ka,Storozhynets’,Walmart
177,3/12/2023,20456.92,Grocery,177,31,Female,Persen,Estaca,Ali Express
178,3/17/2023,385857.96,Grocery,178,65,Male,Batakte,Fenchen,Ebay
179,2/16/2023,420933.09,Electronics,179,21,Female,Lingbei,Rzyki,Amazon
180,5/3/2022,31083.79,Electronics,180,31,Male,Torbay,Leyuan,Ali Express
181,5/31/2022,342784.11,Grocery,181,80,Male,Westport,Priekulė,Ebay
182,12/27/2022,203429.76,Electronics,182,61,Female,Pesnica pri Mariboru,San Diego,Walmart
183,1/16/2023,216679.5,Clothing,183,66,Male,Masalovka,Dumaguete,Walmart
184,4/21/2023,725320.71,Electronics,184,67,Genderfluid,Rungis,Bor Ondor,Amazon
185,11/27/2022,144168.85,Electronics,185,75,Female,Dasht-e Qal‘ah,Tayginka,Walmart
186,10/13/2022,253910.55,Entertainment,186,66,Female,Vuka,Bo Kluea,Walmart
187,9/19/2022,617964.72,Clothing,187,47,Female,Montpellier,Argelia,Ebay
188,4/18/2023,287450.06,Home Goods,188,67,Male,Dongkeng,Maniowy,Ebay
189,7/1/2022,889382.02,Clothing,189,33,Female,Culubasa,Skerries,Ali Express
190,4/16/2023,452355.05,Electronics,190,56,Male,Na Chueak,Joubb Jannîne,Walmart
191,9/22/2022,587209.5,Entertainment,191,53,Male,Ungsang,Saint-Paul,Walmart
192,1/26/2023,589858.96,Electronics,192,47,Male,Artur Nogueira,Stockholm,Ebay
193,5/17/2022,638178.49,Grocery,193,47,Male,Yangdu,Marantao,Amazon
194,11/2/2022,45315.74,Electronics,194,59,Male,Port Maria,Pleven,Amazon
195,10/7/2022,156055.42,Grocery,195,40,Male,Milotice,Liuzuo,Walmart
196,3/13/2023,695931.18,Entertainment,196,51,Agender,Abovyan,Rancabelut,Ali Express
197,2/27/2023,659154.99,Grocery,197,55,Female,Samho-rodongjagu,Slovenska Bistrica,Amazon
198,6/15/2022,779107.12,Electronics,198,39,Male,Churovichi,Wulijie,Ali Express
199,11/17/2022,176307.4,Entertainment,199,85,Female,Foundiougne,Kangar,Amazon
200,4/9/2023,25515.14,Grocery,200,82,Male,Gunungkendeng,Al Azraq ash Shamālī,Amazon
201,10/31/2022,161003.32,Home Goods,201,68,Female,Bukuru,Mosrentgen,Ali Express
202,5/10/2022,453170.99,Entertainment,202,30,Male,Puncakbaru,Flying Fish Cove,Amazon
203,10/8/2022,618302.49,Electronics,203,41,Female,Gaizhou,Banjarjo,Walmart
204,4/18/2023,23159.45,Home Goods,204,20,Male,Buçimas,Matumadua,Ebay
205,3/11/2023,90317.75,Entertainment,205,69,Male,Tambaksari,Solnechnyy,Walmart
206,1/12/2023,151539.98,Entertainment,206,43,Female,Marseille,Boende,Ali Express
207,1/28/2023,635918.04,Electronics,207,67,Female,Bayan Bulag,Agkathiá,Amazon
208,3/20/2023,588496.24,Grocery,208,28,Female,Toba,Klagenfurt am Wörthersee,Ali Express
209,8/13/2022,205857.46,Entertainment,209,61,Female,Shanmu,Ulster Spring,Amazon
210,6/2/2022,95288.14,Clothing,210,75,Male,Troyes,Bograd,Ali Express
211,10/5/2022,103431.87,Entertainment,211,18,Female,Genova,Novocherkassk,Ebay
212,4/23/2023,909391.22,Home Goods,212,18,Female,Campelos,Västerås,Amazon
213,1/12/2023,307280.19,Electronics,213,74,Male,Reshetylivka,Skanör,Walmart
214,5/14/2022,471148.76,Home Goods,214,76,Female,Palama,Bantuanon,Amazon
215,11/5/2022,492035.48,Entertainment,215,63,Female,Campos,Dasht-e Qal‘ah,Ebay
216,6/22/2022,595359.44,Grocery,216,49,Male,Maglaj,Ijuí,Ebay
217,2/20/2023,127258.51,Grocery,217,23,Male,Mosteirô,Saxin,Amazon
218,4/28/2022,252964.97,Grocery,218,69,Male,Velyka Pysarivka,Tsimlyansk,Ali Express
219,3/12/2023,926459.03,Clothing,219,30,Male,Vokhaïkó,Le Mans,Walmart
220,8/23/2022,20236.72,Entertainment,220,19,Male,Kozel’shchyna,Ubud,Ali Express
221,7/11/2022,291762.22,Entertainment,221,80,Female,Mamu,Itagibá,Ebay
222,2/26/2023,653239.54,Home Goods,222,47,Female,Łeba,Passo,Ali Express
223,1/28/2023,82253.99,Clothing,223,42,Male,Zhonghekou,Santana,Ali Express
224,5/2/2022,672331.08,Grocery,224,76,Male,Tianta,Majiadu,Amazon
225,5/18/2022,981461.03,Grocery,225,46,Female,Cawayan,Selizharovo,Amazon
226,5/3/2022,740501.56,Grocery,226,68,Female,Řehlovice,Uren’,Amazon
227,6/30/2022,29083.4,Grocery,227,76,Polygender,Dabachang,,Ebay
228,11/22/2022,983317.99,Electronics,228,35,Non-binary,Shizi,Bastia,Amazon
229,4/25/2023,22439.21,Grocery,229,48,Male,Tangwang,Sijing,Ebay
230,1/23/2023,910731.47,Entertainment,230,64,Female,Dorchester,Xiaoshanzi,Ebay
231,9/3/2022,136422.26,Clothing,231,46,Non-binary,Donghe,Baranti,Ebay
232,4/18/2023,900976.99,Entertainment,232,22,Male,Awilega,Banana Village,Amazon
233,3/9/2023,806738.34,Clothing,233,28,Male,Saint Louis,Longxi,Ali Express
234,2/4/2023,947033.7,Entertainment,234,81,Female,Grande Rivière du Nord,Shangying,Ebay
235,7/23/2022,152992.02,Home Goods,235,18,Male,Papakura,Mólos,Walmart
236,5/13/2022,913011.13,Electronics,236,61,Female,Carrefour,Frutal,Ali Express
237,1/5/2023,105816.47,Entertainment,237,55,Female,La Rioja,Osby,Ali Express
238,2/9/2023,708132.65,Clothing,238,41,Male,Pantai,Khalopyenichy,Amazon
239,9/24/2022,24875.63,Home Goods,239,54,Female,Al Khushnīyah,Goiás,Ebay
240,5/2/2022,545346.73,Entertainment,240,25,Male,Wonocoyo Utara,Štítná nad Vláří,Walmart
241,11/5/2022,916386.34,Electronics,241,50,Female,Kināna,Angered,Amazon
242,9/20/2022,240904.77,Grocery,242,20,Male,La Victoria,Uyen Hung,Amazon
243,12/21/2022,950733.87,Electronics,243,71,Female,Thạnh Hóa,Artsvaberd,Ali Express
244,2/22/2023,886913.6,Home Goods,244,55,Female,Songhae,Ogurugu,Amazon
245,7/10/2022,19452.16,Home Goods,245,41,Male,Magumeri,Pointe-à-Pitre,Amazon
246,3/9/2023,717109.64,Entertainment,246,80,Female,Tanjung Pandan,Kåge,Walmart
247,7/31/2022,891812.96,Grocery,247,59,Male,Randuboto,Maple Creek,Ebay
248,1/26/2023,497949.25,Grocery,248,20,Female,Talu,Donostia-San Sebastian,Ebay
249,2/23/2023,634307.96,Grocery,249,23,Male,Quilmaná,Langkou,Amazon
250,4/21/2023,278649.78,Clothing,250,74,Female,Guantun,Shikou,Ali Express
251,9/23/2022,56437.34,Grocery,251,60,Male,Sumberpitu,Changliang,Walmart
252,8/10/2022,663628.51,Grocery,252,35,Male,Aloja,Avlónas,Ali Express
253,5/25/2022,550712.72,Entertainment,253,57,Female,Osvaldo Cruz,Gœsdorf,Walmart
254,9/18/2022,282780.88,Grocery,254,85,Male,Shishang,Suvorovo,Walmart
255,6/19/2022,216015.33,Clothing,255,64,Male,Wangi,Oji River,Ali Express
256,6/16/2022,936258.15,Grocery,256,20,Female,Panimbang,Río de Oro,Amazon
257,1/28/2023,292524.69,Entertainment,257,70,Male,Higuerote,Shaguotun,Walmart
258,3/24/2023,544085.93,Grocery,258,32,Male,Keyinhe,Végueta,Ebay
259,4/11/2023,625645.47,Home Goods,259,29,Female,Tasböget,Pyu,Amazon
260,2/17/2023,17513.72,Electronics,260,71,Male,Kongtian,Venlo,Walmart
261,6/7/2022,24373.84,Electronics,261,74,Male,Kalate,Besançon,Ali Express
262,4/6/2023,88395.4,Clothing,262,57,Female,Baitu,Calimita,Walmart
263,2/27/2023,547652.03,Clothing,263,44,Male,Želetava,Cabeçudos,Ebay
264,11/8/2022,313156.54,Grocery,264,40,Genderqueer,Damatou,Stupino,Ebay
265,3/7/2023,54746.71,Entertainment,265,68,Male,Cahul,Foshan,Walmart
266,7/22/2022,10201.35,Grocery,266,83,Female,San Rafael,,Ali Express
267,11/7/2022,924475.82,Clothing,267,21,Male,Aldeias de Cima,Shengze,Ali Express
268,2/16/2023,268137.14,Entertainment,268,85,Female,Štítina,Parbatipur,Ali Express
269,2/13/2023,993990.21,Electronics,269,74,Genderqueer,Zhujiang,Santo Antônio do Amparo,Ebay
270,1/5/2023,122670.61,Home Goods,270,29,Female,Santa Fe,Almalaguês,Amazon
271,1/23/2023,243558.3,Entertainment,271,74,Male,Tomelilla,Gumuk Tengah,Ali Express
272,1/31/2023,469248.24,Grocery,272,75,Female,Kuhmoinen,Brie-Comte-Robert,Ali Express
273,9/23/2022,39549.6,Clothing,273,35,Female,Kirtipur,Muurame,Ali Express
274,5/20/2022,25615.91,Entertainment,274,52,Male,Armamar,Sanok,Amazon
275,12/22/2022,512764.36,Electronics,275,44,Female,Alkmaar,Las Junturas,Ebay
276,9/30/2022,471523.14,Grocery,276,37,Male,Potosí,Knivsta,Walmart
277,10/16/2022,563468.39,Home Goods,277,70,Female,Belén,Calaya,Ebay
278,11/2/2022,570566.45,Entertainment,278,21,Female,Nizhnyaya Tavda,Yihe,Walmart
279,6/8/2022,523107.68,Entertainment,279,66,Female,Gangu Chengguanzhen,Socorro,Amazon
280,4/5/2023,914810.81,Home Goods,280,64,Female,Bolkhov,,Ali Express
281,4/1/2023,181935.41,Clothing,281,52,Male,Tuanalepe,Drayton Valley,Ebay
282,2/25/2023,224333.58,Electronics,282,83,Male,Starominskaya,Lebedinovka,Walmart
283,9/27/2022,163325.81,Grocery,283,38,Male,Castillos,Cigedang,Walmart
284,7/18/2022,116576.96,Home Goods,284,38,Female,Lazurne,Cotabato,Amazon
285,4/1/2023,994099.12,Electronics,285,41,Male,Baiyang,Cikole,Amazon
286,12/5/2022,344764.87,Home Goods,286,60,Male,Severo-Zadonsk,Rivne,Amazon
287,2/14/2023,625898.07,Clothing,287,77,Male,Xiashitai,Nevers,Ebay
288,7/13/2022,372031.66,Grocery,288,21,Female,Jalālpur Pīrwāla,Carhuac,Ali Express
289,4/13/2023,611647.66,Entertainment,289,58,Male,Gayle,Nizhniy Tsasuchey,Ali Express
290,6/18/2022,887770.96,Home Goods,290,53,Female,Cluses,Suchy Dąb,Walmart
291,11/1/2022,149709.54,Home Goods,291,78,Female,Huangjinjing,Arrap’i,Ebay
292,12/18/2022,278548.83,Entertainment,292,52,Male,Cosmópolis,Coari,Amazon
293,10/17/2022,601165.93,Clothing,293,76,Male,Émponas,Dobra,Ali Express
294,1/6/2023,297546.93,Home Goods,294,48,Female,Magetlegar,Lagoa Vermelha,Ebay
295,3/7/2023,141151.36,Clothing,295,52,Female,Kuala Lumpur,Lorino,Walmart
296,3/7/2023,987629.52,Clothing,296,65,Female,Suphan Buri,,Ali Express
297,8/20/2022,80248.93,Clothing,297,73,Male,Koceljeva,Yangxi,Ebay
298,1/9/2023,901931.67,Grocery,298,45,Female,Bhiria,Huangjia,Amazon
299,10/18/2022,899845.93,Electronics,299,18,Male,Loudi,Larache,Ali Express
300,2/10/2023,790316.04,Electronics,300,78,Female,Pīshvā,Kaolinovo,Walmart
301,2/1/2023,650931.57,Electronics,301,54,Female,Setro,Kepoh,Ali Express
302,12/21/2022,528601.75,Electronics,302,29,Female,Knyaginino,Trilj,Walmart
303,4/6/2023,824529.81,Electronics,303,24,Female,Laojunmiao,Cullinan,Ali Express
304,8/14/2022,624503.41,Clothing,304,35,Female,Żernica,Tulay,Amazon
305,9/18/2022,67984.64,Home Goods,305,21,Male,Santo Isidro,Sauce,Ebay
306,1/5/2023,387529.24,Home Goods,306,34,Genderqueer,Guanzhuang,Lipu,Walmart
307,8/6/2022,675691.14,Grocery,307,81,Male,Bang Khon Thi,Myaydo,Ali Express
308,11/19/2022,675219.05,Entertainment,308,31,Male,Bakaran Kulon,Cochrane,Amazon
309,2/9/2023,536391.1,Electronics,309,65,Male,Legen,Bulungu,Amazon
310,12/12/2022,635070.61,Home Goods,310,73,Polygender,Yessentuki,Veisiejai,Amazon
311,7/4/2022,54856.83,Entertainment,311,71,Male,Shanggu,Stamboliyski,Walmart
312,9/26/2022,422034.08,Clothing,312,62,Male,Néa Manolás,Três Lagoas,Ebay
313,7/18/2022,693325.82,Entertainment,313,55,Female,Brive-la-Gaillarde,Rio Claro,Walmart
314,4/17/2023,478022.91,Home Goods,314,57,Male,Tegalrejo,Đưc Trọng,Walmart
315,7/3/2022,336386.46,Clothing,315,43,Female,Mozdok,Luzhai,Amazon
316,12/21/2022,522743.14,Clothing,316,70,Male,Tampa,Páchni,Amazon
317,7/5/2022,410066.19,Grocery,317,41,Male,Nguken,Staryy Krym,Ebay
318,8/20/2022,563151.64,Home Goods,318,52,Female,Imotski,Sandouping,Ebay
319,3/15/2023,178638.27,Clothing,319,22,Male,Syców,Biwer,Amazon
320,7/11/2022,476019.14,Electronics,320,67,Male,Skalat,,Amazon
321,5/24/2022,720590.97,Home Goods,321,20,Male,Kratovo,Zhuting,Amazon
322,10/16/2022,787127.41,Grocery,322,68,Female,Pasadena,Lagoa do Itaenga,Ali Express
323,9/25/2022,963044.72,Clothing,323,74,Female,Isla,,Walmart
324,3/5/2023,337302.29,Entertainment,324,56,Female,Sumbergayam,Bilqās,Ali Express
325,8/10/2022,409346.02,Grocery,325,24,Male,Tucheng,Arish,Amazon
326,8/8/2022,847712.61,Entertainment,326,38,Female,Frýdek-Místek,Vertientes,Ebay
327,11/1/2022,901016.93,Grocery,327,81,Male,Anshan,Emiliano Zapata,Ebay
328,12/2/2022,945921.75,Entertainment,328,65,Female,Góra,Pakong,Walmart
329,6/4/2022,959171.78,Entertainment,329,25,Female,Zagnitkiv,,Ebay
330,5/28/2022,981260.86,Clothing,330,79,Polygender,Sambirejo,pamas,Ebay
331,5/29/2022,565911.5,Entertainment,331,73,Female,Sremčica,,Ali Express
332,3/11/2023,867987.61,Home Goods,332,51,Female,Nakovo,,Walmart
333,3/19/2023,856620.47,Electronics,333,83,Female,Bantuanon,Fenoarivo Atsinanana,Walmart
334,5/10/2022,659915.95,Entertainment,334,54,Female,Troparëvo,P’yŏngsŏng,Ali Express
335,1/17/2023,847769.14,Home Goods,335,43,Female,Náklo,Xingfu,Amazon
336,7/22/2022,94064.64,Clothing,336,21,Female,Hengshan,Xianyang,Ebay
337,2/28/2023,472205.26,Grocery,337,82,Female,Lille,Naḥf,Amazon
338,1/15/2023,201761.12,Home Goods,338,82,Female,Si Satchanalai,Querobamba,Amazon
339,4/5/2023,366591.23,Grocery,339,24,Female,Xuxiake,Puan,Walmart
340,10/2/2022,927038.87,Entertainment,340,20,Female,Banyo,Tambakmerak,Ali Express
341,4/3/2023,124617.74,Grocery,341,63,Female,Maskinongé,Sumbersarikrajan,Walmart
342,9/7/2022,619862.51,Clothing,342,67,Male,San Antonio,Argungu,Walmart
343,12/25/2022,391925.86,Entertainment,343,31,Female,Baishi,Pskov,Ebay
344,10/23/2022,377533.91,Home Goods,344,63,Female,Embarcación,Cikijing,Amazon
345,12/3/2022,974422.72,Electronics,345,23,Bigender,Diavatá,Shangdongjie,Amazon
346,9/13/2022,150996.76,Grocery,346,45,Male,Del Pilar,Wahang Dua,Ebay
347,1/9/2023,724691.05,Clothing,347,46,Male,Tlatah,Asamankese,Walmart
348,8/6/2022,321405.38,Clothing,348,84,Female,Millet,Angered,Ebay
349,6/1/2022,282718.83,Electronics,349,59,Female,Lomba do Loução,Daxbet,Amazon
350,12/12/2022,758221.27,Home Goods,350,43,Male,Xiaojiang,Las Animas,Walmart
351,1/14/2023,125292.94,Electronics,351,46,Male,Abucay,Berthierville,Amazon
352,2/6/2023,873743.17,Grocery,352,48,Male,Coutada,Rosso,Amazon
353,5/18/2022,898106.66,Clothing,353,63,Female,Bitica,Nýdek,Amazon
354,4/28/2022,827392.02,Home Goods,354,55,Male,Gangmei,Knin,Walmart
355,5/2/2022,105768.07,Electronics,355,38,Female,Jönköping,Majie,Ebay
356,5/7/2022,45610.89,Entertainment,356,73,Female,Jiaoxie,Tongjin,Walmart
357,12/12/2022,596950.39,Entertainment,357,81,Male,Baimiao,Repentigny,Amazon
358,4/2/2023,453128.63,Home Goods,358,61,Male,Tambopata,,Amazon
359,10/26/2022,979346.14,Clothing,359,27,Genderfluid,Dorp Tera Kora,Benito Juarez,Ebay
360,8/31/2022,860741.87,Home Goods,360,72,Female,Gelgaudiškis,Schäffern,Ali Express
361,10/13/2022,727491.19,Grocery,361,39,Non-binary,Ayotupas,Hamonggolele,Ebay
362,9/2/2022,643833.18,Clothing,362,47,Male,Namora,Biliri,Walmart
363,4/27/2022,857070.54,Entertainment,363,47,Female,Đắk Song,Štore,Amazon
364,4/6/2023,196853.61,Home Goods,364,60,Male,Linjiang,Ḑubāh,Ali Express
365,7/30/2022,509117.24,Clothing,365,75,Female,Timurjaya,Butungan,Amazon
366,2/14/2023,664963.91,Electronics,366,23,Male,Agrela,Kamphaeng Phet,Amazon
367,12/20/2022,368081.2,Home Goods,367,53,Female,Murillo,Yanacancha,Amazon
368,8/30/2022,600647.09,Electronics,368,78,Female,Donghai,Guatimozín,Ebay
369,11/28/2022,274602.72,Electronics,369,49,Female,Jambubol,Karangboyo,Amazon
370,11/22/2022,143761.75,Home Goods,370,26,Non-binary,Staroshcherbinovskaya,Enschede,Amazon
371,6/21/2022,131054.05,Entertainment,371,36,Bigender,Zhuanqukou,Luxi,Ebay
372,12/13/2022,665899.62,Electronics,372,21,Male,Gubo,Novaya Igirma,Amazon
373,5/14/2022,321895.45,Home Goods,373,70,Female,Liurenba,,Ebay
374,9/28/2022,666011.45,Clothing,374,20,Female,Sijiqing,Nantes,Ebay
375,4/28/2022,703455.25,Grocery,375,59,Male,Taiping,Wedoro,Amazon
376,11/18/2022,3129.01,Clothing,376,61,Female,Fresno,Purda,Amazon
377,9/23/2022,686860.22,Electronics,377,84,Female,Hamburg Harvestehude,El Quetzal,Walmart
378,11/8/2022,33230.98,Clothing,378,58,Female,Shuiyang,Santa Maria,Walmart
379,1/29/2023,737505.17,Clothing,379,69,Female,Reni,Ash Shuhadā’,Ali Express
380,2/13/2023,980677.43,Clothing,380,81,Male,Göteborg,Amsterdam Binnenstad en Oostelijk Havengebied,Amazon
381,2/19/2023,323630.6,Clothing,381,25,Female,Anping,Wangcungang,Walmart
382,1/31/2023,402624.36,Grocery,382,71,Female,Lomme,Haruai,Ebay
383,6/13/2022,588684.41,Electronics,383,46,Male,Gobernador Costa,Nahuo,Ali Express
384,7/15/2022,196172.23,Entertainment,384,30,Male,Shouyan,San Francisco,Ali Express
385,1/25/2023,525675.31,Grocery,385,73,Male,Gardutanjak,Lubin,Ali Express
386,4/21/2023,201862.2,Clothing,386,62,Female,Indang,Bełżyce,Ebay
387,4/18/2023,209401.18,Grocery,387,75,Female,Sallins,Kampungbaru,Walmart
388,10/2/2022,836112.33,Electronics,388,37,Female,Waterloo,Miura,Walmart
389,3/10/2023,208161.25,Entertainment,389,47,Female,Bessonovka,Neglasari,Amazon
390,11/15/2022,790232.31,Grocery,390,40,Female,Adh Dhayd,Xinglin,Walmart
391,10/2/2022,19066.53,Home Goods,391,26,Male,Gemena,Ptghunk’,Amazon
392,3/8/2023,11135.69,Grocery,392,22,Female,Lubowidz,Ural,Amazon
393,4/2/2023,248785.92,Entertainment,393,69,Male,Tubualá,Cesvaine,Amazon
394,1/11/2023,110529.46,Clothing,394,50,Male,Cibeureum,Tampa,Walmart
395,12/3/2022,916513.89,Home Goods,395,77,Female,Saint-Rémi,Örebro,Ali Express
396,8/3/2022,148536.87,Entertainment,396,35,Male,Guarabira,Nandong,Ebay
397,1/1/2023,216139.04,Grocery,397,23,Female,Citeureup,Pingle,Walmart
398,11/10/2022,864602.61,Home Goods,398,76,Male,Loppi,Hyesan-si,Ali Express
399,1/31/2023,735330.54,Electronics,399,19,Female,Buenavista,Lubenec,Amazon
400,9/11/2022,407919.7,Entertainment,400,53,Male,Kertasari,Oehaunu,Walmart
401,9/9/2022,291700.62,Home Goods,401,39,Female,Kertasari,Horodne,Ali Express
402,2/17/2023,196750.17,Entertainment,402,23,Female,Chatan,Hinvi,Walmart
403,6/12/2022,347260.26,Grocery,403,61,Male,Winduraja,Kandete,Amazon
404,2/3/2023,336936.33,Home Goods,404,49,Male,Kavār,Stanowice,Amazon
405,12/23/2022,779225.67,Electronics,405,51,Female,Danxi,Redondos,Walmart
406,2/7/2023,733993.74,Home Goods,406,75,Female,Murça,Yujiawu,Ebay
407,2/9/2023,152930.65,Home Goods,407,85,Male,Emporeío,Sibaté,Walmart
408,7/8/2022,509469.3,Entertainment,408,75,Male,Rathnew,Sukasenang,Ebay
409,8/12/2022,968534.36,Clothing,409,23,Polygender,Juai,Oubei,Ali Express
410,4/1/2023,607387.16,Electronics,410,67,Female,Sojo,Tolomango,Amazon
411,5/18/2022,231031.34,Entertainment,411,46,Female,Umeå,Kokar,Ali Express
412,4/26/2023,96698.9,Home Goods,412,27,Male,Shuangqiaoping,Vranisht,Ebay
413,1/4/2023,39689.42,Entertainment,413,55,Male,Harhorin,Polanica-Zdrój,Ebay
414,3/5/2023,721243.61,Entertainment,414,24,Female,Liuji,Sobreda,Walmart
415,7/11/2022,650838.87,Grocery,415,21,Male,Vynohradove,Poxin,Walmart
416,2/27/2023,151126.79,Entertainment,416,61,Female,Fuqiang,Dunkerque,Walmart
417,12/12/2022,903623.68,Entertainment,417,19,Male,Lysychovo,Umi,Amazon
418,2/3/2023,615670.37,Electronics,418,66,Male,Sibiti,Palaióchora,Ebay
419,5/22/2022,586857.17,Entertainment,419,24,Male,Ngala,Carolina,Ebay
420,3/5/2023,478323.0,Entertainment,420,50,Polygender,Bhunya,Maqian,Ali Express
421,2/26/2023,709335.52,Entertainment,421,42,Female,Marneuli,Wilczyce,Walmart
422,8/31/2022,192544.26,Clothing,422,66,Male,Morohongō,Warung Wetan,Walmart
423,9/5/2022,572378.64,Grocery,423,38,Male,Cluain Meala,Dhromolaxia,Walmart
424,2/24/2023,388153.19,Electronics,424,38,Male,Hongshan,Szczerców,Ali Express
425,9/7/2022,227230.48,Clothing,425,59,Genderqueer,Junxi,,Ebay
426,10/18/2022,606734.72,Electronics,426,41,Male,Ciyun,Midland,Ali Express
427,5/8/2022,158250.7,Electronics,427,41,Female,Shaxi,Lushuihe,Ali Express
428,2/14/2023,236746.34,Grocery,428,61,Female,Lago da Pedra,Kloangpopot,Ali Express
429,11/26/2022,360588.44,Home Goods,429,56,Male,Dioknisi,Kaniv,Ebay
430,4/29/2022,311410.1,Clothing,430,32,Male,Uberlândia,San Diego,Amazon
431,10/30/2022,803875.02,Home Goods,431,75,Female,Dorupare,Sincelejo,Amazon
432,3/5/2023,519911.6,Home Goods,432,79,Female,Nantes,Henghe,Amazon
433,1/16/2023,497126.19,Home Goods,433,53,Male,Naples,Cabugao,Walmart
434,5/1/2022,548410.94,Clothing,434,74,Male,Kaset Sombun,Sumiainen,Amazon
435,9/19/2022,884832.21,Electronics,435,74,Female,Nangewer,Tipolo,Ali Express
436,12/18/2022,594091.67,Clothing,436,65,Female,Soca,Charlemagne,Ali Express
437,2/5/2023,730696.25,Electronics,437,75,Male,Lewodoli,Vsetín,Ali Express
438,4/18/2023,802657.59,Electronics,438,83,Female,Loma Bonita,Sibbo,Amazon
439,2/12/2023,440911.56,Clothing,439,67,Female,Oeiras,Guanzhuang,Ali Express
440,10/1/2022,382284.12,Entertainment,440,31,Female,Lillehammer,President Roxas,Ali Express
441,1/21/2023,221605.34,Home Goods,441,66,Female,Manzanares,New Bedford,Ebay
442,2/11/2023,947151.59,Entertainment,442,56,Male,Badean,Vélizy-Villacoublay,Amazon
443,3/26/2023,861381.13,Clothing,443,20,Female,Saint-Étienne,Gort,Walmart
444,8/22/2022,901342.94,Home Goods,444,81,Female,Kuala Lumpur,,Walmart
445,7/29/2022,156799.97,Grocery,445,60,Female,Akure,Chruszczobród,Walmart
446,10/17/2022,305320.13,Clothing,446,75,Female,Wuda,Kalugmanan,Amazon
447,8/17/2022,42785.91,Grocery,447,81,Male,Lapa do Lobo,Usarin,Walmart
448,6/1/2022,18330.61,Clothing,448,26,Male,Ressano Garcia,Tampocon,Ali Express
449,2/9/2023,261773.55,Clothing,449,78,Female,Ciwidara,Xinying,Amazon
450,1/20/2023,288393.84,Clothing,450,51,Male,Hetou,Petrikov,Ali Express
451,11/10/2022,142788.5,Home Goods,451,46,Male,Oslo,At Tall al Kabīr,Amazon
452,2/4/2023,400211.38,Home Goods,452,18,Female,Neuilly-sur-Marne,Kičevo,Ali Express
453,2/11/2023,156411.38,Home Goods,453,50,Female,Alta,Krajanjugosari,Amazon
454,11/2/2022,193397.73,Grocery,454,50,Female,Huaihe,Fredrikstad,Amazon
455,12/9/2022,357007.21,Electronics,455,58,Female,An Naşr,Alice,Ebay
456,4/30/2022,80582.38,Home Goods,456,62,Female,Kahnūj,Sifala,Amazon
457,10/3/2022,876128.7,Electronics,457,71,Female,Tenjolaya,Patsi,Ebay
458,9/24/2022,210822.48,Grocery,458,36,Male,La Jutosa,Amangarh,Walmart
459,2/21/2023,460416.58,Home Goods,459,55,Male,Motong,Samboan,Ebay
460,7/16/2022,690956.59,Clothing,460,23,Female,Nancang,Nagu,Amazon
461,10/5/2022,394836.76,Entertainment,461,30,Male,Tiout,Pampas,Ebay
462,9/30/2022,164904.34,Grocery,462,56,Male,Ketara,Tuqiao,Ebay
463,10/3/2022,168498.06,Clothing,463,26,Female,Hanshou,Néa Róda,Ali Express
464,4/29/2022,455264.95,Electronics,464,57,Male,Castañas,General Elizardo Aquino,Walmart
465,1/9/2023,648092.95,Entertainment,465,58,Male,Venilale,Carapicuíba,Ali Express
466,6/22/2022,667838.72,Home Goods,466,31,Female,Padre Burgos,Sharan,Ebay
467,6/18/2022,170178.92,Electronics,467,63,Male,Xincheng Chengguanzhen,Amparafaravola,Amazon
468,5/3/2022,941507.44,Entertainment,468,47,Female,Brasília,Yeniugou,Ebay
469,6/7/2022,195206.09,Clothing,469,76,Female,Bilaran,Zhaixi,Walmart
470,3/26/2023,87490.38,Home Goods,470,75,Male,Citeureup,Telengsari,Ali Express
471,2/3/2023,246343.4,Electronics,471,81,Male,Qinling Jieban,Tai’an,Ebay
472,12/1/2022,723668.18,Home Goods,472,69,Male,Zainsk,Santo Amador,Ali Express
473,2/4/2023,671076.11,Clothing,473,66,Male,Punta Hermosa,Aquidauana,Walmart
474,11/10/2022,870866.4,Clothing,474,30,Bigender,Kokagax,Nova Iguaçu,Amazon
475,2/18/2023,121904.21,Clothing,475,53,Male,Osielec,Pashiya,Ebay
476,9/7/2022,260413.8,Electronics,476,73,Female,Orlovat,,Ebay
477,10/13/2022,213468.8,Electronics,477,63,Female,Vân Đình,,Ebay
478,9/22/2022,21249.03,Clothing,478,36,Female,Bizhbulyak,,Ali Express
479,2/1/2023,49855.82,Home Goods,479,33,Male,Kovači,,Ali Express
480,7/21/2022,961934.66,Home Goods,480,64,Female,Khoyniki,Tintafor,Walmart
481,5/13/2022,266318.3,Clothing,481,45,Female,Jalaud,Kuching,Ebay
482,3/14/2023,299714.41,Clothing,482,48,Male,Cuamba,Aleksandrovskiy Zavod,Walmart
483,8/31/2022,665846.94,Clothing,483,28,Female,Buluangan,Nizhniy Ufaley,Amazon
484,6/24/2022,721721.34,Grocery,484,55,Female,Limeira,San Juan de Mata,Ali Express
485,12/13/2022,541703.34,Electronics,485,75,Female,Huili Chengguanzhen,,Ali Express
486,4/17/2023,504931.64,Electronics,486,84,Female,Pangatikan,Hezuoqiao,Amazon
487,6/17/2022,235863.03,Electronics,487,30,Male,Huacapampa,Jurm,Walmart
488,7/19/2022,763666.15,Grocery,488,35,Female,Émpa,Kasiyan,Amazon
489,10/16/2022,902940.48,Entertainment,489,64,Male,Pericik,Al Jumūm,Ebay
490,2/17/2023,948989.27,Grocery,490,52,Female,Athi River,Shenavan,Amazon
491,9/6/2022,280982.34,Entertainment,491,41,Polygender,San Casimiro,Tambir,Walmart
492,10/23/2022,888797.63,Electronics,492,31,Male,Yanjiang,,Walmart
493,8/18/2022,353366.49,Home Goods,493,72,Female,Culacling,La Mohammedia,Walmart
494,12/12/2022,262256.65,Entertainment,494,18,Male,Sylvan Lake,Erling,Ali Express
495,8/1/2022,745937.57,Entertainment,495,80,Male,Huangliu,Licheng,Ali Express
496,11/5/2022,793052.31,Entertainment,496,37,Female,Bhokadoke,Samokov,Amazon
497,5/3/2022,137408.76,Home Goods,497,62,Agender,Sacramento,Waepana,Walmart
498,1/5/2023,635479.84,Home Goods,498,50,Female,Shanghu,Nūr,Ebay
499,3/15/2023,732772.01,Electronics,499,50,Female,Arboga,Västerås,Ebay
500,9/15/2022,797328.53,Home Goods,500,33,Bigender,Yuchi,Botlhapatlou,Ebay
501,8/29/2022,686502.21,Entertainment,501,44,Male,Dortmund,Bjelovar,Ali Express
502,10/6/2022,807016.97,Grocery,502,80,Male,Nanjing,Khodzhi-Gasan,Ali Express
503,5/31/2022,317315.72,Home Goods,503,32,Male,Courtaboeuf,Tasböget,Ebay
504,7/2/2022,273950.27,Grocery,504,33,Genderqueer,Yotsukaidō,Massy,Walmart
505,6/2/2022,388683.02,Entertainment,505,68,Female,Sonlit,Sanqiao,Amazon
506,11/15/2022,320091.31,Grocery,506,44,Male,Masaran,Najiaying,Amazon
507,2/13/2023,828610.77,Clothing,507,60,Genderqueer,Dongfu,,Walmart
508,1/10/2023,697006.14,Grocery,508,85,Male,Sol’-Iletsk,Mionica,Ali Express
509,11/3/2022,643723.94,Clothing,509,80,Male,El Triunfo,Shiren,Ebay
510,3/24/2023,616368.42,Entertainment,510,19,Male,Shuangzhu,Dayr Mawās,Ebay
511,11/28/2022,769992.32,Entertainment,511,19,Male,Bondoukou,Panji,Ebay
512,12/28/2022,131486.72,Home Goods,512,37,Male,Cartagena,Tillabéri,Ali Express
513,10/26/2022,989733.3,Electronics,513,66,Female,Heping,Taounza,Ali Express
514,5/5/2022,808349.33,Grocery,514,18,Genderfluid,Aubergenville,Atipuluhan,Ali Express
515,9/7/2022,608335.09,Electronics,515,53,Male,El Porvenir,Huyuan,Amazon
516,10/19/2022,308756.7,Clothing,516,24,Male,Chiţcani,Ostashkov,Amazon
517,6/6/2022,680617.65,Electronics,517,53,Male,Boulogne-Billancourt,Kholmsk,Amazon
518,8/21/2022,538748.16,Clothing,518,38,Bigender,Khanāşir,Meshcherino,Ali Express
519,3/9/2023,785588.46,Entertainment,519,47,Female,Sang-e Chārak,Tessaoua,Amazon
520,1/28/2023,55875.81,Clothing,520,33,Female,Kitamilo,Trzciana,Ebay
521,7/28/2022,935771.16,Grocery,521,31,Female,Na Yong,Damiao,Amazon
522,11/2/2022,585792.56,Clothing,522,36,Male,Henglishan,Las Trojes,Ebay
523,10/11/2022,676436.06,Electronics,523,85,Female,Karangtengah,San Miguel,Ebay
524,1/22/2023,575712.85,Grocery,524,26,Female,Xinfu,Lucma,Ali Express
525,3/26/2023,880037.15,Entertainment,525,34,Female,Verkhnye Syn’ovydne,Jistebník,Amazon
526,8/16/2022,163165.15,Entertainment,526,52,Female,Särö,Ermida,Amazon
527,8/9/2022,901234.6,Electronics,527,25,Male,Ambato Boeny,Bol’shoy Karay,Ebay
528,4/17/2023,32607.45,Grocery,528,62,Male,Sittwe,Bardīyah,Amazon
529,12/29/2022,21776.37,Grocery,529,31,Genderqueer,Tomaszów Mazowiecki,Bhamdoun,Walmart
530,5/3/2022,322662.67,Clothing,530,64,Agender,Diffa,Kawaguchi,Walmart
531,11/4/2022,92770.83,Grocery,531,70,Male,Bakersfield,Klimontów,Ebay
532,8/22/2022,874875.02,Home Goods,532,82,Male,Quchomo,Frutillar,Ali Express
533,5/5/2022,376673.58,Home Goods,533,60,Male,Wuhu,Tiro,Amazon
534,3/15/2023,281686.75,Clothing,534,32,Male,Ambato,Ngedhusuba,Amazon
535,1/12/2023,367220.21,Clothing,535,73,Female,Banakaja,Novopokrovka,Ebay
536,12/5/2022,96019.35,Home Goods,536,34,Female,Naschel,Suyang,Ebay
537,6/24/2022,697871.27,Electronics,537,29,Female,Rafael Hernandez Ochoa,,Ebay
538,12/29/2022,10077.72,Electronics,538,48,Female,Shibata,Annecy,Walmart
539,11/22/2022,775341.93,Electronics,539,47,Female,Ddmashen,Carolina,Ebay
540,11/23/2022,931064.55,Home Goods,540,51,Female,San Pedro Necta,Heiheba,Amazon
541,8/12/2022,75429.32,Grocery,541,39,Male,Bayan Qagan,Sumberpucung,Ebay
542,11/12/2022,424997.45,Electronics,542,28,Female,Göteborg,Hua Sai,Walmart
543,6/9/2022,564359.36,Clothing,543,37,Female,Guamo,Nanjia,Ebay
544,1/16/2023,483687.84,Grocery,544,22,Male,Ashchysay,Koton Karifi,Ebay
545,1/25/2023,217336.42,Grocery,545,39,Male,Dao,Romanovo,Walmart
546,11/6/2022,257081.64,Entertainment,546,32,Female,Citeureup,Comendador,Ali Express
547,6/24/2022,979838.35,Entertainment,547,44,Bigender,Widorokandang,Lyon,Amazon
548,2/17/2023,544845.56,Clothing,548,56,Female,Mikhaylovka,Curuzú Cuatiá,Walmart
549,4/14/2023,573833.64,Entertainment,549,71,Female,Vysotskoye,Okahandja,Ebay
550,8/21/2022,493971.61,Grocery,550,63,Female,Xiabao,Santa Cruz,Ali Express
551,6/15/2022,977140.3,Clothing,551,82,Female,Kaduy,Chimbas,Amazon
552,4/20/2023,854279.59,Clothing,552,21,Female,Kangar,Ngasinan,Amazon
553,9/19/2022,836722.57,Entertainment,553,56,Female,Pasirdalem,Chengnan,Ebay
554,3/12/2023,705966.06,Clothing,554,59,Male,Seputih,Cipondok,Ebay
555,3/14/2023,681408.0,Home Goods,555,47,Male,Rulenge,Casa Quemada,Walmart
556,3/21/2023,420678.85,Electronics,556,41,Female,Sochi,Volzhskiy,Amazon
557,9/19/2022,978908.7,Clothing,557,32,Female,Pandangan Kulon,Bulumulyo,Ali Express
558,10/21/2022,969449.87,Home Goods,558,66,Male,Aganan,Zinder,Walmart
559,5/8/2022,184457.81,Grocery,559,62,Polygender,Dārāb,Itaqui,Ali Express
560,12/3/2022,173002.81,Entertainment,560,63,Genderqueer,Sincé,,Ali Express
561,9/5/2022,267745.35,Grocery,561,46,Male,Tsubata,Ciladaeun,Walmart
562,5/20/2022,378034.04,Electronics,562,50,Female,Los Angeles,Voyutychi,Ali Express
563,4/3/2023,164425.05,Clothing,563,69,Male,Castelo,Mamoudzou,Walmart
564,12/3/2022,715900.69,Electronics,564,67,Female,Vondrozo,Pontian,Ebay
565,3/26/2023,826885.32,Electronics,565,49,Male,Tuanalepe,Jadi,Walmart
566,10/13/2022,930240.79,Clothing,566,44,Male,Vasyl'evsky Ostrov,Bělá pod Bezdězem,Amazon
567,1/27/2023,890747.82,Clothing,567,42,Female,Azenhas do Mar,Tapiramutá,Ali Express
568,9/15/2022,982770.64,Clothing,568,62,Male,Myeik,Kazan,Ali Express
569,8/17/2022,949598.32,Electronics,569,67,Male,Yala,Taoyuan,Ali Express
570,2/18/2023,368978.88,Entertainment,570,47,Female,Ciudad Bolívar,Haduohe,Ebay
571,6/4/2022,306625.56,Electronics,571,31,Female,Vilufushi,Əhmədbəyli,Ali Express
572,3/20/2023,575454.98,Grocery,572,61,Male,Santiago de las Vegas,Rydzyna,Ali Express
573,2/28/2023,957659.07,Entertainment,573,45,Male,Asamankese,Washington,Ali Express
574,4/25/2023,25322.18,Home Goods,574,57,Female,Dongfeng,Karinë,Ali Express
575,7/6/2022,195552.14,Home Goods,575,59,Male,Bratsk,Ganné Tiqwa,Amazon
576,3/30/2023,509601.71,Entertainment,576,40,Male,Delgermörön,Ziftá,Ebay
577,10/30/2022,540379.69,Clothing,577,77,Male,Banjar Kubu,Wasogolo,Ebay
578,2/7/2023,389858.79,Grocery,578,28,Female,Cabatuan,Coripata,Ali Express
579,9/4/2022,934421.56,Home Goods,579,32,Male,Shibīn al Qanāţir,Götene,Ebay
580,7/18/2022,318945.18,Electronics,580,64,Male,Cikole,Marumori,Amazon
581,11/16/2022,544233.11,Grocery,581,32,Female,Muang Long,Vulcan,Ebay
582,6/10/2022,957565.66,Grocery,582,54,Female,Chernoyerkovskaya,Kitahiroshima,Ali Express
583,1/29/2023,682919.11,Electronics,583,32,Male,Nancheng,Hokor,Walmart
584,7/31/2022,882695.56,Grocery,584,60,Male,Berkovitsa,Doom,Ebay
585,12/22/2022,277666.83,Clothing,585,66,Female,Staryye Atagi,Shuixi,Walmart
586,12/5/2022,26560.08,Clothing,586,52,Male,Kaset Wisai,Eha Amufu,Walmart
587,8/28/2022,501232.63,Grocery,587,50,Male,Nanchoc,Ambanja,Amazon
588,9/30/2022,366320.06,Home Goods,588,76,Female,Ostrów Lubelski,Gushan,Amazon
589,8/11/2022,448753.12,Home Goods,589,59,Polygender,Millerovo,Reno,Ali Express
590,8/16/2022,346962.89,Grocery,590,70,Female,Anse Boileau,Wassu,Amazon
591,12/17/2022,210809.41,Clothing,591,36,Male,Hetan,Huddinge,Ali Express
592,8/15/2022,979499.68,Grocery,592,44,Male,Balekersukamaju,Sulo,Walmart
593,11/30/2022,672161.66,Electronics,593,80,Female,Labog,Laojunpo,Ebay
594,7/14/2022,706663.25,Clothing,594,39,Female,Kuala Terengganu,Bautista,Ebay
595,1/4/2023,285189.98,Clothing,595,65,Female,Dabagou,Morbatoh,Ebay
596,7/26/2022,486750.61,Grocery,596,52,Female,Wangba,Bumpe,Amazon
597,6/27/2022,669686.14,Grocery,597,40,Female,Zahedan,Salimbalan,Ali Express
598,2/18/2023,704484.43,Entertainment,598,60,Male,Sangesi,Tall Abyaḑ,Amazon
599,9/13/2022,211655.37,Clothing,599,56,Male,Soa,Gandoang,Amazon
600,10/23/2022,426061.32,Grocery,600,64,Female,Salamá,San Francisco Zapotitlán,Ali Express
601,2/12/2023,108164.58,Home Goods,601,67,Male,Taipalsaari,Krasnosilka,Ali Express
602,11/6/2022,313775.77,Entertainment,602,39,Female,Gudja,Capilla del Monte,Walmart
603,4/20/2023,891054.81,Grocery,603,79,Female,Aqtöbe,Grugul,Ali Express
604,3/15/2023,342404.82,Electronics,604,21,Female,Sukasetia,,Ali Express
605,10/11/2022,883232.4,Entertainment,605,35,Female,Al Jafr,Yasothon,Walmart
606,6/21/2022,740430.61,Clothing,606,68,Female,Rodas,Caijiagang,Ebay
607,3/1/2023,858589.58,Home Goods,607,22,Male,Bella Vista,Chiclayo,Amazon
608,2/21/2023,333572.13,Entertainment,608,68,Male,Shuiyang,Nanjie,Ebay
609,6/25/2022,639262.52,Clothing,609,28,Female,Datun,Galis Dua,Walmart
610,3/31/2023,447708.74,Electronics,610,84,Female,Guilmaro,,Walmart
611,11/5/2022,521789.24,Entertainment,611,50,Female,Fort Worth,Croix,Walmart
612,12/18/2022,524079.3,Entertainment,612,56,Male,San José de Comayagua,Mufushan,Walmart
613,4/18/2023,557493.27,Grocery,613,66,Female,Banjarjo,Borda da Mata,Ali Express
614,11/10/2022,10731.48,Grocery,614,49,Female,Kuripan,Sơn Tịnh,Amazon
615,11/15/2022,326661.98,Entertainment,615,62,Male,Uzgen,Bendilmuning,Ali Express
616,9/26/2022,286954.18,Electronics,616,42,Female,Göteborg,Vuhlehirs’k,Ebay
617,6/25/2022,56082.26,Grocery,617,78,Male,Rantīs,Oslo,Ebay
618,12/4/2022,843964.76,Grocery,618,79,Female,Vetluzhskiy,Hōfu,Amazon
619,8/19/2022,706785.3,Home Goods,619,53,Male,Qacha’s Nek,El Salitre,Ali Express
620,9/13/2022,211593.29,Clothing,620,68,Male,Comendador,Zhitan,Amazon
621,9/29/2022,749560.53,Entertainment,621,45,Female,Skien,Bambari,Ali Express
622,12/8/2022,44797.13,Home Goods,622,67,Male,Vrsi,Okinawa,Walmart
623,12/28/2022,10691.05,Home Goods,623,78,Male,Refojos de Riba de Ave,Tambakan,Ali Express
624,6/22/2022,9782.78,Electronics,624,49,Female,Campo Alegre,Queimados,Ali Express
625,8/23/2022,702824.41,Electronics,625,73,Male,Fagersta,Maramag,Ebay
626,10/9/2022,946890.33,Electronics,626,30,Male,Bagé,Muara Sabak,Walmart
627,11/26/2022,995944.13,Clothing,627,30,Male,Fare,Maikawada,Amazon
628,10/23/2022,218438.31,Grocery,628,46,Male,Chunxi,Xiaogang,Amazon
629,8/7/2022,460395.64,Home Goods,629,85,Female,Vännäs,Youyun,Walmart
630,2/15/2023,632590.22,Grocery,630,55,Female,Porecatu,Mitry-Mory,Walmart
631,5/24/2022,513651.41,Home Goods,631,26,Male,Mīrwāh Gorchani,Itu,Ali Express
632,1/30/2023,824725.65,Home Goods,632,22,Female,Kawayan,Hamakita,Ali Express
633,10/5/2022,129314.34,Entertainment,633,71,Female,Helsingborg,Piúma,Ali Express
634,2/15/2023,136218.48,Electronics,634,63,Female,Debar,Tsévié,Ali Express
635,11/26/2022,664890.93,Clothing,635,55,Male,Santa Clara,Bueng Kum,Walmart
636,11/2/2022,181822.7,Home Goods,636,40,Female,Bontoc,,Ali Express
637,12/13/2022,40795.62,Home Goods,637,19,Female,Kuala Lumpur,Sekongkang Bawah,Ali Express
638,1/30/2023,108275.7,Home Goods,638,30,Male,Liangcunchang,Marne-la-Vallée,Ali Express
639,4/8/2023,513430.42,Home Goods,639,41,Male,Youwei,North Vancouver,Ali Express
640,3/19/2023,400261.12,Clothing,640,37,Genderfluid,Kajok,,Walmart
641,5/27/2022,363347.37,Clothing,641,50,Male,Lusacan,Luokou,Ali Express
642,11/10/2022,60736.04,Entertainment,642,83,Male,Youchou,Lope de Vega,Ali Express
643,7/10/2022,777097.03,Electronics,643,80,Female,Gamovo,Kilcullen,Walmart
644,1/20/2023,704501.34,Clothing,644,28,Female,Mengeš,Aleksandrovsk-Sakhalinskiy,Amazon
645,7/17/2022,834171.87,Electronics,645,49,Male,Duncan,Kawangu Satu,Ali Express
646,12/31/2022,803162.2,Home Goods,646,81,Female,Alindao,Croix,Ali Express
647,11/8/2022,689265.82,Clothing,647,25,Genderqueer,Drzewica,Garland,Ali Express
648,9/22/2022,763533.81,Clothing,648,75,Non-binary,Jagna,Purwa,Walmart
649,4/17/2023,10831.38,Clothing,649,78,Agender,Majur,Jarabacoa,Ebay
650,7/26/2022,53175.29,Electronics,650,22,Male,Malec,Privlaka,Walmart
651,5/1/2022,983292.96,Electronics,651,48,Male,Hasan,Comendador,Walmart
652,2/5/2023,203996.59,Electronics,652,36,Male,Atamanovka,Ébolowa,Ali Express
653,6/14/2022,302024.5,Electronics,653,84,Female,Lianpeng,Springfield,Walmart
654,9/7/2022,871016.86,Home Goods,654,49,Female,Mysiadło,Guanzhuang,Amazon
655,12/25/2022,108196.83,Grocery,655,22,Male,Voi,Valinhos,Walmart
656,9/2/2022,235305.99,Home Goods,656,37,Female,Orlovo,Regidor,Ali Express
657,4/7/2023,9436.67,Entertainment,657,74,Female,Buffalo,,Amazon
658,8/23/2022,719374.8,Grocery,658,53,Agender,Toufang,Pregrada,Amazon
659,11/12/2022,261868.16,Entertainment,659,66,Female,San Silvestre,Tukan,Walmart
660,1/8/2023,757003.67,Grocery,660,26,Female,Bāqim as Sūq,Norfolk,Walmart
661,5/12/2022,976668.02,Electronics,661,44,Female,Lumil,Liqiao,Ali Express
662,11/26/2022,464394.92,Grocery,662,54,Male,Berezayka,,Amazon
663,10/27/2022,13488.66,Clothing,663,30,Male,Beicheng,Purwa,Ebay
664,1/20/2023,895675.54,Clothing,664,58,Female,Oemollo,Gelin,Amazon
665,9/7/2022,571214.36,Entertainment,665,23,Non-binary,Kondangrege,Santo Domingo,Amazon
666,4/16/2023,27558.65,Home Goods,666,67,Polygender,Cruz Alta,San Antonio,Ebay
667,6/1/2022,178025.27,Clothing,667,35,Non-binary,Sayapullo,La Fortuna,Ebay
668,4/17/2023,406138.42,Clothing,668,22,Male,Cortez,Shalushka,Ebay
669,12/24/2022,222887.09,Entertainment,669,58,Male,Pasirtundun,Si Racha,Ali Express
670,4/28/2022,735107.81,Grocery,670,76,Male,Koh Tao,Povenets,Ali Express
671,2/6/2023,60568.9,Home Goods,671,78,Genderfluid,Caridade,Wangxian,Walmart
672,10/4/2022,48211.63,Electronics,672,28,Female,Paris 19,Kotauneng,Amazon
673,8/19/2022,495719.21,Entertainment,673,20,Male,Dete,Aizhai,Ebay
674,4/13/2023,420210.57,Home Goods,674,33,Male,Fort-de-France,Fuyo,Ebay
675,8/20/2022,854584.13,Entertainment,675,30,Female,Oklahoma City,Ciudad Darío,Ebay
676,2/24/2023,741739.7,Home Goods,676,35,Female,Uddevalla,Kéfalos,Walmart
677,12/15/2022,968385.0,Entertainment,677,50,Female,Villefranche-sur-Mer,Hongmiao,Ali Express
678,6/16/2022,763712.88,Electronics,678,58,Female,Agbannawag,Ar Rawḑah,Ali Express
679,4/5/2023,177972.61,Home Goods,679,63,Female,Aguas Corrientes,Semīrom,Ali Express
680,7/27/2022,180388.35,Grocery,680,47,Female,Kinel’-Cherkassy,Bambanglipuro,Ali Express
681,10/30/2022,764145.68,Clothing,681,37,Female,Krasnoye,Richmond,Amazon
682,5/13/2022,97099.28,Clothing,682,77,Male,Pariti,Lanling,Walmart
683,6/22/2022,899965.81,Entertainment,683,48,Male,Arroyo Seco,Arbuzynka,Ali Express
684,12/20/2022,161343.58,Clothing,684,20,Male,Shuren,,Amazon
685,9/10/2022,266995.35,Clothing,685,82,Female,Tsákoi,,Ebay
686,12/27/2022,514533.26,Entertainment,686,80,Polygender,Ketapang,,Ebay
687,9/8/2022,677986.04,Entertainment,687,77,Agender,Semampirbarat,Pallasovka,Ali Express
688,9/27/2022,520728.43,Clothing,688,39,Genderfluid,Tân Châu,Birsa,Walmart
689,1/15/2023,216729.49,Clothing,689,53,Male,Longsha,Huayuan,Ebay
690,9/11/2022,7597.54,Grocery,690,66,Male,Pa Tio,Nueva Gorgona,Ebay
691,1/6/2023,73153.4,Entertainment,691,55,Female,Costeira do Pirajubae,Baoyang,Ebay
692,12/23/2022,366716.82,Clothing,692,51,Male,Seattle,Asamankese,Ebay
693,1/30/2023,473155.53,Entertainment,693,55,Female,Paraíso,Henghe,Amazon
694,8/27/2022,897708.82,Clothing,694,77,Female,Matoupu,Glogovac,Walmart
695,12/8/2022,522477.96,Grocery,695,69,Male,Mandala,Changshan,Walmart
696,11/14/2022,94241.56,Grocery,696,78,Female,Dodol,Tīkāpur,Ebay
697,3/14/2023,705850.94,Grocery,697,61,Male,Mudon,Cerca la Source,Ali Express
698,8/21/2022,713180.98,Grocery,698,37,Female,Argelia,"Palmas De Gran Canaria, Las",Amazon
699,3/23/2023,430684.02,Grocery,699,35,Male,Baruunsuu,Dongda,Ali Express
700,4/4/2023,937056.87,Home Goods,700,21,Male,Bunirasa,Zouma,Amazon
701,6/18/2022,718134.44,Electronics,701,27,Female,Majzar,Billings,Walmart
702,12/22/2022,286503.6,Home Goods,702,27,Male,Chaoyangdong,,Amazon
703,9/5/2022,734156.81,Home Goods,703,64,Male,Kankara,Drochia,Ali Express
704,12/28/2022,65792.1,Grocery,704,81,Female,Ambositra,Chrzanów,Ali Express
705,7/3/2022,481134.8,Clothing,705,72,Male,Kotatengah,,Ebay
706,4/13/2023,635047.96,Electronics,706,56,Agender,Cishangang,Stan-Bekhtemir,Ebay
707,6/12/2022,567842.48,Clothing,707,46,Female,Vinkkilä,Kalinovskoye,Ebay
708,8/25/2022,515825.89,Clothing,708,60,Male,Maji,Wairinding,Walmart
709,6/8/2022,418988.42,Electronics,709,54,Female,Sinajana Village,Killam,Amazon
710,11/1/2022,77432.53,Electronics,710,45,Male,Pedreira,Xilaiqiao,Ebay
711,12/26/2022,767415.27,Clothing,711,51,Bigender,Sanxi,Jõhvi,Walmart
712,2/3/2023,209137.89,Home Goods,712,68,Polygender,Séguéla,San Marcos,Ebay
713,7/4/2022,99371.57,Clothing,713,74,Male,Saint-Jean-de-Luz,Kraslice,Amazon
714,5/8/2022,952112.43,Electronics,714,34,Female,Queimados,Kabor,Amazon
715,5/9/2022,143795.08,Clothing,715,61,Male,Huilongshan,Gamping Lor,Amazon
716,5/24/2022,494864.46,Grocery,716,50,Female,Néa Kíos,Tournai,Ebay
717,2/23/2023,400293.25,Home Goods,717,22,Male,Xincheng,Urrô,Amazon
718,4/9/2023,136850.4,Entertainment,718,42,Female,Strasbourg,Amorim,Walmart
719,1/6/2023,158619.08,Home Goods,719,85,Female,Dek’emhāre,,Ebay
720,5/4/2022,832881.79,Entertainment,720,69,Male,Rasskazovo,,Ali Express
721,6/27/2022,156804.78,Home Goods,721,33,Male,Hyattsville,Cilangkap,Ali Express
722,3/24/2023,789163.46,Grocery,722,41,Male,Ozerki,Krujë,Walmart
723,2/26/2023,168614.2,Home Goods,723,18,Male,Lingshan,Shangfang,Ali Express
724,6/6/2022,146420.66,Clothing,724,73,Female,Buga,Ea Drăng,Walmart
725,6/25/2022,262638.55,Electronics,725,80,Female,Shagang,Rios Frios,Walmart
726,11/10/2022,983799.87,Grocery,726,51,Male,Sumberan,Naperville,Ebay
727,3/19/2023,435730.08,Electronics,727,61,Female,Mairiporã,Huaguo,Walmart
728,11/2/2022,57020.11,Entertainment,728,72,Male,Marzhing,Huzhen,Ali Express
729,5/28/2022,837432.01,Entertainment,729,20,Female,Shatoujiao,Aksu,Amazon
730,10/30/2022,710022.15,Home Goods,730,31,Male,Yanagawamachi-saiwaichō,Tarhuna,Amazon
731,6/19/2022,614807.22,Grocery,731,43,Male,El Soberbio,Tukums,Ebay
732,4/28/2022,760864.81,Grocery,732,72,Female,Huai’an,Nartkala,Walmart
733,10/7/2022,328856.87,Entertainment,733,38,Male,Grand Rapids,Gushan,Ali Express
734,7/6/2022,66135.07,Entertainment,734,65,Male,Xilanqi,Kute,Ebay
735,11/29/2022,220212.82,Electronics,735,25,Male,Penengahan,Bogovinje,Walmart
736,11/26/2022,501361.63,Home Goods,736,53,Male,Cincinnati,Dahe,Ali Express
737,2/25/2023,329618.26,Grocery,737,60,Male,Huangzhai,Huaxian,Walmart
738,4/10/2023,590320.72,Grocery,738,85,Male,Sruki,Saint George's,Ali Express
739,2/26/2023,378100.36,Entertainment,739,23,Female,Kepuh,Bécancour,Ebay
740,2/13/2023,292586.85,Electronics,740,55,Female,Pointe Michel,Sinazongwe,Amazon
741,10/2/2022,938226.69,Entertainment,741,36,Female,Itapira,Ganggawang,Ebay
742,6/27/2022,737654.63,Electronics,742,46,Male,Desa Gegempalan,Neuss,Ali Express
743,11/13/2022,991792.09,Home Goods,743,31,Female,Cigeulis,Tangtuzhui,Walmart
744,2/13/2023,381892.75,Clothing,744,56,Female,Ōkuchi,Pitkyaranta,Ebay
745,5/23/2022,905100.94,Home Goods,745,72,Female,Baoxia,Rawa,Ebay
746,5/27/2022,972437.74,Clothing,746,39,Male,Kalumpang,,Ali Express
747,3/13/2023,359356.98,Entertainment,747,21,Male,Haquira,Oslo,Ali Express
748,7/3/2022,550043.85,Home Goods,748,34,Male,Ozerne,Atami,Ebay
749,5/6/2022,541672.88,Grocery,749,57,Male,Pilang,Guanghai,Ebay
750,9/29/2022,274338.02,Grocery,750,64,Male,São Sebastião,Draguignan,Amazon
751,5/8/2022,908162.03,Entertainment,751,79,Female,Zhongba,Boavista,Amazon
752,8/27/2022,780727.39,Grocery,752,33,Male,Majingklak,Tvŭrditsa,Ebay
753,1/7/2023,554451.41,Grocery,753,82,Female,Vicuña Mackenna,Ténenkou,Ali Express
754,12/25/2022,827228.09,Clothing,754,78,Female,Muromtsevo,Cincinnati,Ebay
755,2/15/2023,439490.03,Clothing,755,77,Female,Lincheng,Piraju,Ali Express
756,3/30/2023,767853.53,Entertainment,756,81,Female,San Roque,Hongjiaguan,Ali Express
757,1/5/2023,719755.32,Home Goods,757,30,Male,San Francisco,Jinan,Amazon
758,2/8/2023,856028.34,Entertainment,758,33,Male,Binangun,Urshel’skiy,Walmart
759,3/5/2023,476066.23,Entertainment,759,40,Female,Pocito,Sefrou,Amazon
760,4/4/2023,809341.88,Grocery,760,79,Male,Budziszewice,Okanagan,Amazon
761,5/4/2022,274355.33,Home Goods,761,54,Female,Bonao,Kebili,Amazon
762,12/2/2022,590627.03,Entertainment,762,27,Male,Kučevo,Vårby,Walmart
763,4/13/2023,267119.16,Home Goods,763,24,Male,Kombolcha,Chrastava,Walmart
764,3/12/2023,199338.83,Electronics,764,79,Polygender,Portland,Vichuga,Walmart
765,12/13/2022,86608.75,Grocery,765,64,Female,Santo Tomás,Jāsim,Walmart
766,4/18/2023,869815.22,Grocery,766,63,Female,Prilep,Virginia,Walmart
767,7/22/2022,982854.72,Entertainment,767,42,Female,San Pedro Masahuat,Dadong’ao,Ebay
768,6/2/2022,484228.96,Electronics,768,75,Female,Berlín,Krajan Alasdowo,Walmart
769,4/18/2023,440902.92,Entertainment,769,28,Female,Huangzhu,,Ebay
770,11/21/2022,937399.48,Clothing,770,30,Female,Sosnovka,Aristóbulo del Valle,Walmart
771,7/14/2022,731208.78,Grocery,771,37,Female,Sarmīn,Taipingxi,Walmart
772,8/12/2022,59116.67,Electronics,772,45,Female,Zhaoyuan,,Ebay
773,3/1/2023,31087.07,Entertainment,773,59,Female,Telbang,,Walmart
774,5/9/2022,836393.46,Home Goods,774,23,Male,Gambo,Uchiza,Ali Express
775,8/4/2022,76941.67,Home Goods,775,63,Non-binary,Nyanga,Émpa,Ali Express
776,12/9/2022,143924.56,Electronics,776,63,Female,Cisasak,Tiehe,Ebay
777,3/16/2023,559662.04,Home Goods,777,79,Female,Stod,Campo Alegre,Ali Express
778,2/27/2023,460233.75,Grocery,778,74,Male,Mölndal,Guilmaro,Amazon
779,9/23/2022,771158.91,Electronics,779,28,Non-binary,Xiachu,Stockholm,Ali Express
780,7/8/2022,512842.81,Home Goods,780,59,Male,Sagrada Familia,Baishuiyang,Ebay
781,11/2/2022,957952.49,Clothing,781,68,Male,Lišov,Dallas,Ebay
782,2/7/2023,81984.9,Electronics,782,74,Male,Saint-Rémy-de-Provence,Nansan,Ali Express
783,4/26/2023,818766.72,Entertainment,783,50,Male,Kedungwungu,Jianxin,Amazon
784,4/25/2023,988063.05,Grocery,784,46,Polygender,Malakwal City,Xinghua,Walmart
785,1/18/2023,111087.83,Electronics,785,78,Female,Iperu,Mijiang,Amazon
786,4/5/2023,288704.52,Clothing,786,57,Female,Salas,Oefau,Ali Express
787,1/13/2023,121329.05,Home Goods,787,39,Female,Pawa,Ogod,Ali Express
788,4/23/2023,670400.23,Clothing,788,64,Male,Catu,San Nicolas,Ali Express
789,7/17/2022,234275.12,Clothing,789,76,Female,Daleman,Bilad,Ali Express
790,12/21/2022,62315.98,Clothing,790,46,Female,Banepa,Champagnole,Amazon
791,6/15/2022,922560.39,Home Goods,791,48,Male,Micheng,Jalupang Dua,Ebay
792,1/19/2023,950361.7,Electronics,792,24,Genderfluid,Daijiaba,Ceibas,Ali Express
793,1/27/2023,849170.49,Home Goods,793,69,Female,Xinglin,Misungwi,Walmart
794,5/9/2022,735693.63,Grocery,794,36,Female,København,Piteå,Ali Express
795,4/2/2023,774612.11,Entertainment,795,24,Male,Frederiksberg,Villanueva,Amazon
796,11/4/2022,147432.32,Electronics,796,20,Male,Zhangshui,Bangil,Ebay
797,10/10/2022,650931.45,Clothing,797,43,Female,Anping,Ocoyo,Walmart
798,11/13/2022,470820.51,Home Goods,798,68,Female,Konggar,Sannois,Amazon
799,10/4/2022,439424.37,Clothing,799,60,Female,Cartagena,Mengxi,Walmart
800,7/15/2022,909055.22,Electronics,800,62,Male,Ashchysay,Barão de Melgaço,Ali Express
801,3/8/2023,740175.72,Clothing,801,21,Male,Nangger,Mayskiy,Amazon
802,3/14/2023,852069.0,Electronics,802,71,Male,Chone,Slovenska Bistrica,Ebay
803,11/22/2022,938787.66,Electronics,803,46,Male,Anjia,Kertai,Walmart
804,12/19/2022,665947.53,Entertainment,804,21,Female,Esperança,New Hyde Park,Amazon
805,3/20/2023,671807.01,Home Goods,805,85,Female,Dillenburg,Borovichi,Ebay
806,4/30/2022,579374.56,Electronics,806,44,Female,Łapsze Niżne,Jeremi,Ali Express
807,1/14/2023,428650.14,Clothing,807,20,Genderqueer,Sidrolândia,Abuyog,Ebay
808,8/17/2022,443015.45,Electronics,808,29,Male,Fushan,Ovsyanka,Amazon
809,12/13/2022,450469.14,Electronics,809,65,Male,Oktyabr’sk,Bochum,Amazon
810,9/13/2022,467364.68,Clothing,810,43,Male,Nusajaya,Casal da Serra,Ali Express
811,3/30/2023,764270.62,Home Goods,811,67,Male,Las Lomas,Karapyshi,Amazon
812,5/29/2022,373735.0,Electronics,812,20,Female,Az Ziyārah,Bellavista,Amazon
813,3/14/2023,776448.05,Electronics,813,77,Female,Petani,Shanjeev Home,Ali Express
814,3/18/2023,307814.48,Grocery,814,24,Female,Velký Újezd,Magumeri,Ali Express
815,8/1/2022,903864.78,Grocery,815,85,Male,Ilandža,La Hacienda,Ali Express
816,8/6/2022,79291.81,Electronics,816,28,Female,Malbug,Kembang,Ebay
817,2/14/2023,404655.65,Electronics,817,20,Female,Sarreguemines,Kanie,Amazon
818,9/10/2022,436601.97,Home Goods,818,85,Male,Samut Songkhram,Talalayivka,Ali Express
819,6/15/2022,928801.68,Electronics,819,46,Male,Xiamao,Montenegro,Ebay
820,10/16/2022,192283.6,Entertainment,820,23,Female,Oakland,Yujia,Ebay
821,1/21/2023,742928.63,Entertainment,821,68,Male,Yangju,Garoua,Ebay
822,2/15/2023,399056.14,Clothing,822,30,Male,Siayan,,Ebay
823,5/5/2022,526591.87,Grocery,823,58,Female,Kamru,Los Arcos,Ali Express
824,2/3/2023,635367.28,Entertainment,824,57,Male,Rokiciny,Hanyū,Ali Express
825,9/1/2022,457083.21,Home Goods,825,45,Female,Namyangju,Frederiksberg,Ebay
826,9/27/2022,770790.61,Grocery,826,26,Male,Santa Catalina,Yidu,Amazon
827,11/30/2022,796442.3,Clothing,827,62,Male,Domaniewice,Rousínov,Walmart
828,7/27/2022,387059.57,Grocery,828,18,Male,Carvalhal,,Walmart
829,10/5/2022,640180.98,Electronics,829,77,Female,Bendorubuh,Wŏnsan,Ebay
830,1/2/2023,163489.83,Home Goods,830,18,Female,Shuanghe,Llacanora,Ali Express
831,3/31/2023,397644.53,Entertainment,831,51,Genderqueer,Luokou,Särö,Ebay
832,5/25/2022,198724.65,Electronics,832,58,Genderfluid,Dolores,West Hartford,Ebay
833,6/22/2022,144186.57,Grocery,833,67,Female,Yangiqo‘rg‘on,Kayanza,Walmart
834,10/17/2022,568102.08,Entertainment,834,69,Bigender,Las Cruces,Tongyang,Walmart
835,9/2/2022,961726.93,Entertainment,835,82,Male,Jedlová,Greensboro,Ali Express
836,1/13/2023,984354.38,Clothing,836,69,Female,Mangunjaya,Tampa,Ali Express
837,10/23/2022,607030.27,Grocery,837,24,Polygender,La Garde,Jinotega,Walmart
838,3/5/2023,368213.26,Grocery,838,60,Male,E’erdun Wula,Trondheim,Walmart
839,4/28/2022,750463.32,Entertainment,839,75,Female,Gondar,Saint-Avold,Amazon
840,8/22/2022,532362.95,Grocery,840,59,Female,Masku,Ban Tak,Ebay
841,10/16/2022,787221.75,Home Goods,841,48,Male,La Jutosa,Bogor,Amazon
842,11/19/2022,799018.45,Grocery,842,45,Male,Wangdain,Jiaocun,Amazon
843,12/5/2022,862621.37,Electronics,843,38,Male,Goryachevodskiy,Xiaojiangba,Walmart
844,11/5/2022,411264.18,Grocery,844,42,Female,Paris 10,Ḩakamā,Ebay
845,9/20/2022,244883.87,Electronics,845,79,Male,Dubrovnik,Buenos Aires,Ali Express
846,11/5/2022,391584.42,Home Goods,846,41,Female,Dingcheng,,Ebay
847,7/5/2022,311282.27,Clothing,847,62,Male,Podstrana,Al Fūlah,Walmart
848,5/12/2022,259826.01,Home Goods,848,39,Female,Alis,,Walmart
849,11/26/2022,752785.4,Clothing,849,71,Male,Orleans,,Ali Express
850,4/4/2023,507341.61,Clothing,850,36,Female,Batibati,Oak Bay,Ebay
851,1/4/2023,752055.65,Home Goods,851,28,Male,Janagdong,Göteborg,Amazon
852,10/8/2022,310860.87,Entertainment,852,24,Female,Panoongan,Shanxi,Walmart
853,2/18/2023,249191.17,Home Goods,853,62,Genderfluid,Vale de Vila,Alor Setar,Walmart
854,9/21/2022,758917.43,Home Goods,854,70,Male,Harrison Brook,Konstantinovo,Amazon
855,8/12/2022,303456.42,Electronics,855,39,Female,Clichy,Barrouallie,Walmart
856,9/6/2022,220148.1,Entertainment,856,84,Female,Huangliu,Setúbal,Walmart
857,3/30/2023,892729.82,Grocery,857,76,Male,Babakanlapang,Ankazoabo,Ali Express
858,6/16/2022,931221.74,Clothing,858,64,Genderqueer,São Borja,Kuangshan,Ali Express
859,12/12/2022,898985.54,Electronics,859,28,Female,Makueni,Port Saint Lucie,Amazon
860,12/2/2022,595282.31,Home Goods,860,75,Male,Bokor,Chunjiang,Ebay
861,2/7/2023,429869.19,Grocery,861,51,Male,Nova Venécia,Lyuban’,Ali Express
862,11/7/2022,80713.99,Grocery,862,44,Female,Anuling,General San Martín,Ebay
863,11/1/2022,592815.62,Electronics,863,36,Male,Pembuanghulu,Silihe,Ebay
864,11/1/2022,263500.1,Grocery,864,80,Female,Fangcun,Lubaczów,Ebay
865,8/6/2022,792771.08,Grocery,865,38,Male,Avignon,Matamey,Walmart
866,10/24/2022,614784.98,Home Goods,866,59,Male,Suwatu,Paris 16,Amazon
867,9/6/2022,334267.82,Home Goods,867,63,Male,Guisijan,Heqing,Ebay
868,6/12/2022,614085.28,Electronics,868,18,Male,Guider,Novodmitriyevskaya,Walmart
869,7/31/2022,281143.49,Electronics,869,83,Female,Isperikh,,Amazon
870,12/7/2022,209898.21,Clothing,870,58,Female,Richmond,Samashki,Walmart
871,9/1/2022,878492.21,Home Goods,871,81,Female,Sobreira,Gadzhiyevo,Ebay
872,5/9/2022,33353.78,Entertainment,872,72,Female,Tupesy,Tvarožná,Ali Express
873,2/22/2023,3950.38,Grocery,873,70,Male,San Juan de Planes,,Ali Express
874,11/29/2022,705290.37,Electronics,874,81,Male,Las Flores,Phoenix,Amazon
875,7/20/2022,253172.31,Electronics,875,63,Male,Verkhovyna,Manggekompo,Amazon
876,12/10/2022,911726.8,Grocery,876,83,Non-binary,Solotcha,Bogolyubovo,Ebay
877,11/26/2022,354788.61,Grocery,877,83,Male,Bugcaon,,Amazon
878,3/26/2023,520348.21,Clothing,878,79,Female,Çepan,Dharān Bāzār,Ali Express
879,12/27/2022,437939.7,Grocery,879,28,Male,Mtambile,Akashi,Ebay
880,3/22/2023,909451.07,Grocery,880,47,Female,Khatanga,Ignacio Zaragoza,Ali Express
881,5/11/2022,27460.36,Home Goods,881,52,Female,Nova Era,Airmadidi,Walmart
882,2/20/2023,395403.57,Electronics,882,43,Male,Kamennogorsk,Slunj,Ebay
883,1/2/2023,263066.17,Grocery,883,57,Female,Chunhua,Platagata,Walmart
884,8/15/2022,846855.91,Grocery,884,53,Female,Hengxi,Khorramābād,Ebay
885,11/11/2022,612138.84,Electronics,885,37,Male,Aborlan,,Ebay
886,5/2/2022,109299.84,Clothing,886,62,Agender,Huangchuan,Stamford,Ali Express
887,2/8/2023,690139.67,Grocery,887,51,Non-binary,Vigia,Sobreda,Walmart
888,3/12/2023,87343.04,Grocery,888,78,Female,Quillo,Chucatamani,Ebay
889,8/26/2022,575956.27,Grocery,889,33,Female,Zaporizhzhya,Nijmegen,Walmart
890,5/7/2022,562195.16,Electronics,890,18,Male,Balangiga,Timezgadiouine,Ali Express
891,2/23/2023,116737.03,Electronics,891,35,Male,Gaocheng,Mtsensk,Amazon
892,9/24/2022,640916.0,Grocery,892,25,Male,Quba,Khoyniki,Amazon
893,4/22/2023,411052.88,Home Goods,893,67,Female,Nguékhokh,Goubangzi,Ebay
894,2/18/2023,976198.36,Home Goods,894,85,Female,Wuhao,Marseille,Ebay
895,5/13/2022,91078.94,Entertainment,895,36,Male,Karangpao,Ylihärmä,Ebay
896,4/2/2023,716718.26,Clothing,896,44,Genderqueer,Chachoengsao,Burgersfort,Amazon
897,5/18/2022,720650.86,Home Goods,897,50,Male,Loma Bonita,Hakui,Amazon
898,3/15/2023,98814.65,Grocery,898,54,Female,Xianyi,Zbrosławice,Ali Express
899,6/1/2022,149631.99,Entertainment,899,56,Male,Songkan,Spartanburg,Ali Express
900,8/20/2022,276019.93,Home Goods,900,82,Female,Fengyuan,Ōbu,Walmart
901,11/3/2022,338272.66,Entertainment,901,60,Female,Kuanfeu,Buriti Alegre,Ali Express
902,3/9/2023,747356.3,Electronics,902,33,Female,Shifan,Piripiri,Ebay
903,5/4/2022,585983.5,Entertainment,903,24,Male,Vynohradiv,Ognevka,Ebay
904,4/2/2023,972305.86,Entertainment,904,19,Female,Huaidian,Pining,Ebay
905,11/28/2022,534205.41,Grocery,905,62,Female,Satte,Kosakowo,Amazon
906,10/2/2022,568651.81,Home Goods,906,21,Female,Casillas,Varkaus,Amazon
907,2/6/2023,335309.5,Entertainment,907,53,Female,Muzaffargarh,Stodolishche,Walmart
908,12/21/2022,364174.98,Clothing,908,39,Female,Sobeok,Canindé,Walmart
909,11/22/2022,980724.78,Clothing,909,44,Female,Uglovoye,Kovilj,Ebay
910,2/2/2023,650971.11,Electronics,910,83,Female,Panganiban,Famatina,Ali Express
911,8/21/2022,432352.15,Clothing,911,65,Agender,Coloncito,Al Misrākh,Ali Express
912,4/15/2023,236522.63,Home Goods,912,53,Female,Semambung,Oropós,Ali Express
913,8/9/2022,48943.21,Electronics,913,56,Female,Cunliji,,Walmart
914,10/11/2022,140346.12,Clothing,914,56,Female,Ungca,,Amazon
915,8/6/2022,802039.55,Clothing,915,42,Female,Gò Quao,Valladolid,Ali Express
916,4/5/2023,458520.32,Entertainment,916,44,Male,Mababanaba,Mandala,Amazon
917,9/17/2022,963658.53,Grocery,917,20,Female,Bulakgebang,Sandnes,Ali Express
918,11/18/2022,295985.85,Entertainment,918,47,Male,Gorobinci,Duisburg,Amazon
919,5/17/2022,991442.18,Electronics,919,57,Female,Huangbizhuang,Xindi,Walmart
920,11/23/2022,905324.59,Grocery,920,22,Male,Libas,Pyay,Ebay
921,12/8/2022,835214.7,Electronics,921,31,Bigender,Líbeznice,,Ebay
922,10/23/2022,691068.17,Clothing,922,47,Female,Lanuza,Masty,Amazon
923,12/10/2022,775043.83,Grocery,923,85,Female,Falun,Jedlina-Zdrój,Amazon
924,3/23/2023,525949.99,Home Goods,924,69,Female,Linköping,Zeqin,Amazon
925,11/6/2022,998358.35,Home Goods,925,34,Female,Karangparwa,Xianghu,Ali Express
926,2/9/2023,499133.04,Home Goods,926,24,Female,Landskrona,,Ali Express
927,9/4/2022,444027.03,Electronics,927,22,Male,Mutsu,Donja Dubica,Ebay
928,5/23/2022,876061.99,Home Goods,928,29,Male,Didou,Cova Figueira,Ebay
929,5/9/2022,277482.41,Electronics,929,53,Male,Katakwi,Maodao,Ebay
930,5/25/2022,127710.4,Electronics,930,32,Genderqueer,Libog,Zouparria do Monte,Ali Express
931,4/1/2023,107743.27,Entertainment,931,38,Female,Munde,Ondoy,Walmart
932,8/16/2022,448632.95,Electronics,932,65,Male,Bislig,Wałcz,Ebay
933,7/23/2022,592737.97,Clothing,933,49,Male,Thị Trấn Mỹ Lộc,Muhur,Ali Express
934,8/25/2022,125752.01,Home Goods,934,54,Male,Ariz,Halmstad,Ebay
935,4/18/2023,490570.71,Grocery,935,76,Polygender,Sanxi,Periyiáli,Ebay
936,5/16/2022,897292.67,Electronics,936,76,Female,Borzęcin,Itatinga,Ebay
937,1/14/2023,824837.09,Electronics,937,56,Female,Liulimiao,Toufang,Walmart
938,12/4/2022,455013.42,Grocery,938,39,Male,Nempel,Bagumbayan,Amazon
939,5/24/2022,142855.12,Entertainment,939,79,Male,Huayuan,Kafyr-Kumukh,Amazon
940,3/19/2023,948424.46,Electronics,940,59,Female,Göteborg,Las Vegas,Ebay
941,7/23/2022,733168.13,Electronics,941,43,Female,Santo Domingo,Xihuaiba,Ali Express
942,5/6/2022,676300.9,Clothing,942,40,Female,Xujiahe,Lefortovo,Ali Express
943,5/25/2022,715344.7,Clothing,943,53,Female,Zerkten,Buzet,Ali Express
944,4/15/2023,486218.97,Entertainment,944,22,Male,Onoda,Pedregal,Ali Express
945,8/31/2022,474895.96,Grocery,945,32,Male,Choros,Yuzhno-Sukhokumsk,Ali Express
946,7/18/2022,560124.62,Entertainment,946,25,Male,Renhe,Akim Oda,Ebay
947,8/3/2022,25413.73,Clothing,947,38,Male,Yuanda,Karpinsk,Walmart
948,7/17/2022,987789.6,Home Goods,948,43,Female,Riosucio,Guyi,Amazon
949,4/21/2023,641354.5,Electronics,949,50,Female,Sabana Grande de Palenque,Manganitu,Amazon
950,12/24/2022,407473.12,Grocery,950,49,Male,Guarapuava,Ma’an,Ebay
951,4/6/2023,747426.54,Clothing,951,27,Female,Neya,Cache Creek,Ali Express
952,7/27/2022,118595.12,Entertainment,952,70,Bigender,Marseille,Welibo,Amazon
953,3/22/2023,144369.77,Home Goods,953,34,Female,Lékoni,San José de Colinas,Ali Express
954,7/2/2022,339824.38,Grocery,954,64,Female,Yelets,Dawwār Tīnjah,Amazon
955,3/29/2023,959304.33,Entertainment,955,39,Female,Brckovljani,Sainte-Luce-sur-Loire,Ebay
956,4/1/2023,859580.76,Clothing,956,64,Female,Mariestad,T’aebaek,Walmart
957,2/15/2023,863001.85,Entertainment,957,41,Male,Cekcyn,Mandala,Amazon
958,5/22/2022,931218.25,Electronics,958,33,Female,Taganak,Dongfeng,Walmart
959,9/11/2022,456122.67,Grocery,959,61,Male,Privlaka,Ibabang Tayuman,Ebay
960,10/7/2022,371867.55,Electronics,960,59,Female,Poljčane,Mosal’sk,Ebay
961,12/3/2022,488938.14,Grocery,961,33,Female,Linköping,Niepos,Ali Express
962,6/29/2022,449551.58,Electronics,962,24,Female,Roma,Valerianovsk,Ali Express
963,10/6/2022,100130.06,Electronics,963,41,Male,Kanáli,Ocoyo,Ebay
964,2/19/2023,735993.88,Entertainment,964,70,Male,Paris 08,Filiátes,Amazon
965,3/10/2023,574570.83,Home Goods,965,32,Female,Arshaluys,Şānūr,Ebay
966,2/2/2023,808016.06,Electronics,966,36,Male,Jacksonville,Kototujuh,Amazon
967,2/14/2023,276141.69,Clothing,967,25,Male,Albina,Sayán,Ebay
968,11/10/2022,926820.59,Clothing,968,57,Female,Chengbei,Aurillac,Amazon
969,6/29/2022,144860.4,Home Goods,969,83,Male,Rzhavki,Siwa Oasis,Walmart
970,11/7/2022,903983.21,Grocery,970,59,Polygender,Bus’k,Debre Mark’os,Amazon
971,6/3/2022,787866.41,Electronics,971,39,Female,Belišće,Zagórów,Amazon
972,9/17/2022,251471.9,Home Goods,972,51,Female,Baltimore,Cotia,Amazon
973,11/13/2022,271736.1,Electronics,973,59,Male,Huainan,Sattahip,Walmart
974,2/28/2023,975883.23,Electronics,974,68,Female,Tacheng,Lengshui,Ali Express
975,4/17/2023,548808.81,Electronics,975,85,Female,Chiriguaná,Jince,Amazon
976,9/30/2022,328408.2,Home Goods,976,18,Female,Aganan,Lagkadás,Walmart
977,8/1/2022,817195.75,Home Goods,977,85,Male,Zaozhuang,Ageoshimo,Amazon
978,7/3/2022,294838.64,Clothing,978,50,Male,Silvino Lobos,Khvānsār,Walmart
979,3/8/2023,302182.4,Electronics,979,41,Female,Krajan Kulon,Nueva Cajamarca,Ebay
980,10/1/2022,666375.02,Entertainment,980,66,Female,Al Kiswah,Kompaniyivka,Ebay
981,11/13/2022,314472.19,Electronics,981,28,Female,Lebak Timur,Wichit,Walmart
982,9/14/2022,845651.05,Clothing,982,39,Male,Shanggan,San Gil,Walmart
983,1/28/2023,130555.37,Grocery,983,69,Male,Kumalarang,Uijeongbu-si,Amazon
984,8/13/2022,754129.82,Entertainment,984,64,Female,Columbus,Wuluo,Ali Express
985,9/3/2022,607437.16,Clothing,985,83,Female,Mizunami,Vakhrushi,Ali Express
986,6/6/2022,411444.23,Grocery,986,79,Male,Golub-Dobrzyń,Cimanggu,Ebay
987,3/14/2023,812900.67,Home Goods,987,20,Female,Guchang,,Ali Express
988,6/11/2022,93651.8,Clothing,988,79,Female,Espérance Trébuchet,Dalai,Amazon
989,6/13/2022,806341.63,Home Goods,989,49,Agender,Uryupinsk,Wujiayao,Amazon
990,7/14/2022,360476.62,Electronics,990,64,Male,Ban Phai,Askim,Ebay
991,4/14/2023,767503.92,Entertainment,991,22,Female,El Vigía,Rača,Walmart
992,5/8/2022,395726.66,Grocery,992,41,Female,Eiguliai,Sombor,Amazon
993,7/21/2022,98515.96,Entertainment,993,51,Male,Ilopango,Mataloko,Walmart
994,9/22/2022,39591.17,Entertainment,994,34,Female,Colca,,Ali Express
995,11/8/2022,837053.04,Entertainment,995,81,Female,Santa Maria,Ashiya,Ebay
996,3/8/2023,988354.44,Entertainment,996,36,Male,Viejo Daan Banua,Jabranti,Ali Express
997,4/4/2023,422513.16,Grocery,997,19,Female,Bački Petrovac,Lampitak,Walmart
998,1/21/2023,719838.2,Entertainment,998,19,Female,Ngembul,Jiepai,Walmart
999,12/12/2022,396015.26,Home Goods,999,47,Male,Puerto Guzmán,,Ali Express
1000,12/3/2022,328253.78,Electronics,1000,23,Male,Pieksämäki,Sujiatuo,Walmart
