IPAddress,Duration (in seconds),Duration (in minutes),RecordedDate,LocationLatitude,LocationLongitude,language_proficiency_English,language_proficiency_French,language_proficiency_Spanish,language_proficiency_Russian,language_proficiency_Arabic,TIPI_1,TIPI_2,TIPI_3,TIPI_4,TIPI_5,TIPI_6,TIPI_7,TIPI_8,TIPI_9,TIPI_10,object_choice,gender,age,marital_status,graduation_level,employment_status,valid_picture,bonus_amount,agreed_to_sell
2.53.163.115,284,4.73,11/13/2022 11:05,32.0803,34.7805,Native / Bilingual or Full Professional Proficiency,No Proficiency,No Proficiency,No Proficiency,No Proficiency,5,2,6,2,6,3,5,3,5,1,IM_cHofXzQ2tkFJ01g,Male,35 - 44 years old,Single,Master's degree,Working full-time,Yes - 15,3.5,Yes
77.137.67.44,335,5.58,11/13/2022 11:06,31.5,34.75,Native / Bilingual or Full Professional Proficiency,No Proficiency,No Proficiency,No Proficiency,No Proficiency,5,3,5,3,6,3,5,3,4,3,IM_4Jcc40dsj8zuGDs,Male,35 - 44 years old,Married,Bachelor's degree,Working full-time,Yes - 14,5,No
188.64.207.101,285,4.75,11/13/2022 11:08,32.0803,34.7805,Native / Bilingual or Full Professional Proficiency,No Proficiency,No Proficiency,No Proficiency,No Proficiency,3,5,3,5,7,5,4,5,6,5,IM_4Jcc40dsj8zuGDs,Male,25 - 34 years old,Married,Bachelor's degree,Working full-time,No - 13,0,No
87.69.109.9,407,6.78,11/13/2022 11:38,32.0759,34.8215,Reading and understanding,No Proficiency,No Proficiency,No Proficiency,No Proficiency,3,5,2,4,2,6,6,1,7,5,IM_4Jcc40dsj8zuGDs,Male,55 - 64 years old,Married,Master's degree,Working full-time,No - 12,5,No
59.93.84.245,1727,28.78,11/13/2022 11:39,16.1916,75.6945,Native / Bilingual or Full Professional Proficiency,No Proficiency,No Proficiency,No Proficiency,No Proficiency,7,2,6,5,6,4,3,2,4,6,IM_4Jcc40dsj8zuGDs,Female,55 - 64 years old,Divorced / Separated,Bachelor's degree,Other (please specify): Traveling,Yes - 11,0,No
93.173.65.162,405,6.75,11/13/2022 11:44,32.0803,34.7805,Reading and understanding,No Proficiency,No Proficiency,No Proficiency,No Proficiency,5,2,6,3,6,3,5,1,5,2,IM_78wglioPC0XZGrY,Female,35 - 44 years old,Married,Master's degree,Working part-time,Yes - 10,3.5,Yes
5.28.132.65,341,5.68,11/13/2022 14:36,32.0123,34.7705,Native / Bilingual or Full Professional Proficiency,No Proficiency,No Proficiency,No Proficiency,No Proficiency,4,5,4,4,4,4,1,4,3,3,IM_9tpaeFzdkiuV5bw,Female,25 - 34 years old,Married,Bachelor's degree,Working part-time,Yes - 9,2,No
5.28.187.175,1343,22.38,11/14/2022 3:22,32.0759,34.8215,Native / Bilingual or Full Professional Proficiency,No Proficiency,No Proficiency,No Proficiency,No Proficiency,4,5,3,5,5,5,4,3,3,3,IM_cHofXzQ2tkFJ01g,Female,25 - 34 years old,Married,Bachelor's degree,A homemaker or stay-at-home parent,Yes - 8,1,No
176.230.171.80,323,5.38,11/15/2022 1:54,32.0803,34.7805,Native / Bilingual or Full Professional Proficiency,No Proficiency,Reading and understanding,No Proficiency,No Proficiency,4,6,4,3,6,4,5,3,6,5,IM_cHofXzQ2tkFJ01g,Male,25 - 34 years old,Living with a partner,Bachelor's degree,Working full-time,Yes - 7,5,No
109.226.45.96,307,5.12,11/15/2022 1:55,32.0759,34.8215,Native / Bilingual or Full Professional Proficiency,No Proficiency,No Proficiency,No Proficiency,No Proficiency,5,3,1,2,4,5,4,1,7,6,IM_4Jcc40dsj8zuGDs,Female,55 - 64 years old,Married,Bachelor's degree,Working full-time,Yes - 6 ,1,No
62.219.21.30,379,6.32,11/15/2022 1:57,32.0803,34.7805,Native / Bilingual or Full Professional Proficiency,Reading and understanding,No Proficiency,No Proficiency,No Proficiency,4,1,7,1,7,7,7,1,7,1,IM_cHofXzQ2tkFJ01g,Female,65+  years old,Divorced / Separated,Bachelor's degree,Working full-time,Yes - 5,0,Yes
2.54.38.93,293,4.88,11/15/2022 2:01,32.1033,34.8879,Native / Bilingual or Full Professional Proficiency,No Proficiency,Speaking only,No Proficiency,Speaking only,3,4,2,3,5,3,4,1,4,4,IM_78wglioPC0XZGrY,Female,25 - 34 years old,Married,Master's degree,Working full-time,Yes - 4,3.5,No
109.253.211.194,210,3.5,11/15/2022 2:29,32.0803,34.7805,Native / Bilingual or Full Professional Proficiency,No Proficiency,No Proficiency,Speaking only,No Proficiency,1,7,7,4,5,4,5,2,4,4,IM_cHofXzQ2tkFJ01g,Female,25 - 34 years old,Divorced / Separated,Phd,Working full-time,No - 3,2,Yes
79.178.99.227,770,12.83,11/15/2022 2:39,32.0803,34.7805,Native / Bilingual or Full Professional Proficiency,No Proficiency,No Proficiency,Native / Bilingual or Full Professional Proficiency,No Proficiency,4,6,6,2,6,4,5,1,5,2,IM_dmMU1KI43SV5um2,Male,25 - 34 years old,Single,Phd,Retired,No - 2,1,No
2.55.12.93,440,7.33,11/15/2022 11:42,32.1033,34.8879,Reading and understanding,No Proficiency,Reading and understanding,No Proficiency,No Proficiency,6,4,7,4,6,3,7,6,5,2,IM_4Jcc40dsj8zuGDs,Female,25 - 34 years old,Married,Bachelor's degree,Working full-time,Yes - 1 ,2,No
2.53.30.86,218,3.63,11/16/2022 1:32,32.0803,34.7805,Reading and understanding,No Proficiency,No Proficiency,No Proficiency,No Proficiency,4,4,6,3,5,4,7,2,5,6,IM_dmMU1KI43SV5um2,Female,25 - 34 years old,Divorced / Separated,Master's degree,Working full-time,No - 16,0,No
46.117.247.18,307,5.12,11/16/2022 7:41,32.0803,34.7805,Native / Bilingual or Full Professional Proficiency,No Proficiency,No Proficiency,No Proficiency,No Proficiency,5,3,4,5,5,1,7,3,4,1,IM_dmMU1KI43SV5um2,Female,45 - 54 years old,Married,Bachelor's degree,Working part-time,Yes - 17,3.5,No
141.226.59.202,530,8.83,11/16/2022 7:41,32.0803,34.7805,Reading and understanding,No Proficiency,No Proficiency,No Proficiency,No Proficiency,5,4,2,1,6,5,5,2,6,4,IM_cHofXzQ2tkFJ01g,Female,25 - 34 years old,Living with a partner,Master's degree,Working part-time,Yes - 18,5,Yes
31.210.180.223,212,3.53,11/16/2022 7:45,32.0803,34.7805,Native / Bilingual or Full Professional Proficiency,No Proficiency,No Proficiency,Native / Bilingual or Full Professional Proficiency,No Proficiency,1,4,7,1,7,1,5,1,1,1,IM_esRrewWxAThl3FQ,Male,35 - 44 years old,Single,Master's degree,Unemployed and looking for work,Yes - 19,2,No
147.235.195.78,363,6.05,11/16/2022 7:45,32.0803,34.7805,Native / Bilingual or Full Professional Proficiency,No Proficiency,No Proficiency,No Proficiency,Speaking only,3,3,6,1,4,4,4,2,6,3,IM_cHofXzQ2tkFJ01g,Female,45 - 54 years old,Living with a partner,Master's degree,Working full-time,Yes - 20,5,No
176.230.172.56,202,3.37,11/16/2022 7:51,31.9642,34.7876,Reading and understanding,No Proficiency,No Proficiency,No Proficiency,No Proficiency,3,3,3,2,4,4,2,3,4,2,IM_4Jcc40dsj8zuGDs,Male,35 - 44 years old,Single,Other,Working full-time,No - 21,3.5,No
77.137.8.66,221,3.68,11/16/2022 7:52,32.0803,34.7805,Native / Bilingual or Full Professional Proficiency,No Proficiency,Speaking only,No Proficiency,No Proficiency,4,4,4,1,7,1,7,7,7,1,IM_78wglioPC0XZGrY,Female,25 - 34 years old,Living with a partner,Bachelor's degree,Working full-time,No - 22,1,No
176.12.143.24,588,9.8,11/16/2022 7:53,32.0803,34.7805,Native / Bilingual or Full Professional Proficiency,No Proficiency,No Proficiency,No Proficiency,No Proficiency,3,3,3,2,2,3,3,3,4,4,IM_cHofXzQ2tkFJ01g,Male,25 - 34 years old,Single,Bachelor's degree,Working full-time,Yes - 23,5,Yes
77.126.176.82,454,7.57,11/16/2022 7:53,32.0803,34.7805,Native / Bilingual or Full Professional Proficiency,No Proficiency,No Proficiency,No Proficiency,No Proficiency,6,4,6,2,6,3,6,2,6,2,IM_dmMU1KI43SV5um2,Female,55 - 64 years old,Divorced / Separated,Master's degree,Working full-time,Yes - 24,0,No
77.139.130.74,793,13.22,11/16/2022 7:55,31.7674,35.2186,Reading and understanding,No Proficiency,No Proficiency,No Proficiency,No Proficiency,6,4,3,1,6,3,6,4,4,5,IM_4Jcc40dsj8zuGDs,Female,45 - 54 years old,Married,Master's degree,Working full-time,Yes - 25,0,Yes
164.138.122.72,559,9.32,11/16/2022 7:57,31.7674,35.2186,Native / Bilingual or Full Professional Proficiency,No Proficiency,No Proficiency,No Proficiency,No Proficiency,1,4,7,3,6,6,7,2,6,3,IM_dmMU1KI43SV5um2,Female,45 - 54 years old,Married,Master's degree,Working part-time,Yes - 26,3.5,No
79.181.225.164,351,5.85,11/16/2022 7:57,32.816,34.9821,Native / Bilingual or Full Professional Proficiency,No Proficiency,Reading and understanding,No Proficiency,No Proficiency,2,4,6,4,6,5,6,2,4,3,IM_dmMU1KI43SV5um2,Female,25 - 34 years old,Single,Bachelor's degree,Unemployed and looking for work,No - 27,1,No
95.86.105.63,742,12.37,11/16/2022 8:04,31.7674,35.2186,Native / Bilingual or Full Professional Proficiency,No Proficiency,No Proficiency,No Proficiency,No Proficiency,6,4,2,1,3,6,4,4,1,6,IM_4Jcc40dsj8zuGDs,Male,55 - 64 years old,Married,Bachelor's degree,Working full-time,Yes - 28,2,No
5.28.185.192,212,3.53,11/16/2022 8:04,32.0837,34.8282,Reading and understanding,No Proficiency,No Proficiency,No Proficiency,No Proficiency,4,4,4,4,4,4,4,4,4,4,IM_4Jcc40dsj8zuGDs,Male,18 - 24 years old,Married,Bachelor's degree,Student,No - 29,5,Yes
93.172.120.210,326,5.43,11/16/2022 8:08,32.0803,34.7805,Native / Bilingual or Full Professional Proficiency,No Proficiency,No Proficiency,No Proficiency,No Proficiency,6,3,4,4,7,3,5,3,4,2,IM_4Jcc40dsj8zuGDs,Male,45 - 54 years old,Divorced / Separated,Bachelor's degree,Working full-time,Yes - 30,0,No
176.231.161.146,641,10.68,11/16/2022 8:15,31.9642,34.7876,Reading and understanding,No Proficiency,Reading and understanding,No Proficiency,No Proficiency,4,4,3,3,5,5,5,6,7,6,IM_4Jcc40dsj8zuGDs,Female,25 - 34 years old,Married,Master's degree,Working full-time,Yes - 31,1,No
109.186.164.150,696,11.6,11/16/2022 8:20,31.9642,34.7876,Reading and understanding,Reading and understanding,No Proficiency,No Proficiency,No Proficiency,4,2,6,3,5,3,6,1,2,3,IM_esRrewWxAThl3FQ,Female,55 - 64 years old,Married,Bachelor's degree,Working full-time,Yes - 32,2,No
185.3.145.233,367,6.12,11/16/2022 8:21,32.0803,34.7805,Native / Bilingual or Full Professional Proficiency,No Proficiency,No Proficiency,No Proficiency,No Proficiency,5,6,4,5,4,4,3,5,3,5,IM_cHofXzQ2tkFJ01g,Female,35 - 44 years old,Single,Master's degree,Working full-time,Yes - 33,3.5,No
2.53.166.117,499,8.32,11/16/2022 8:28,32.0759,34.8215,Native / Bilingual or Full Professional Proficiency,Reading and understanding,Native / Bilingual or Full Professional Proficiency,No Proficiency,No Proficiency,4,5,4,4,5,5,4,1,3,1,IM_esRrewWxAThl3FQ,Female,55 - 64 years old,Married,Master's degree,Working full-time,No - 34,1,Yes
109.253.204.221,561,9.35,11/16/2022 8:39,32.0123,34.7705,Reading and understanding,No Proficiency,Speaking only,Reading and understanding,No Proficiency,6,4,4,2,6,2,7,2,3,2,IM_78wglioPC0XZGrY,Female,25 - 34 years old,Married,Master's degree,Working part-time,Yes - 35,3.5,Yes
77.137.67.38,818,13.63,11/16/2022 8:39,31.5,34.75,Native / Bilingual or Full Professional Proficiency,No Proficiency,Reading and understanding,No Proficiency,Reading and understanding,4,1,5,1,5,4,7,1,6,2,IM_4Jcc40dsj8zuGDs,Female,25 - 34 years old,Married,Bachelor's degree,Working full-time,Yes - 36,5,Yes
87.71.206.167,324,5.4,11/16/2022 8:45,32.3348,34.8596,Native / Bilingual or Full Professional Proficiency,No Proficiency,No Proficiency,No Proficiency,No Proficiency,2,2,6,3,6,6,5,2,4,3,IM_78wglioPC0XZGrY,Male,18 - 24 years old,Single,Bachelor's degree,Working full-time,No - 37,0,No
89.139.124.29,385,6.42,11/16/2022 8:56,32.0803,34.7805,Reading and understanding,No Proficiency,No Proficiency,No Proficiency,No Proficiency,1,5,7,2,6,5,7,1,7,4,IM_4Jcc40dsj8zuGDs,Female,45 - 54 years old,Single,Phd,Working full-time,No - 38,2,No
5.29.11.134,554,9.23,11/16/2022 8:58,32.0803,34.7805,Reading and understanding,Reading and understanding,No Proficiency,No Proficiency,No Proficiency,4,4,4,4,6,4,6,4,6,4,IM_4Jcc40dsj8zuGDs,Female,65+  years old,Married,Master's degree,Retired,Yes - 39,1,Yes
2.54.174.57,205,3.42,11/16/2022 9:08,32.0803,34.7805,Reading and understanding,No Proficiency,No Proficiency,No Proficiency,Speaking only,7,4,4,4,4,4,4,4,3,4,IM_78wglioPC0XZGrY,Male,25 - 34 years old,Married,Bachelor's degree,Working full-time,No - 40,2,No
77.137.70.165,408,6.8,11/16/2022 9:16,32.0803,34.7805,Native / Bilingual or Full Professional Proficiency,No Proficiency,No Proficiency,No Proficiency,No Proficiency,2,3,4,1,4,4,5,1,6,6,IM_78wglioPC0XZGrY,Male,35 - 44 years old,Single,Master's degree,Working full-time,No - 41,5,No
2.55.179.157,399,6.65,11/16/2022 9:25,32.0803,34.7805,Native / Bilingual or Full Professional Proficiency,No Proficiency,No Proficiency,No Proficiency,No Proficiency,3,4,2,6,3,4,5,1,4,5,IM_cHofXzQ2tkFJ01g,Female,18 - 24 years old,Married,Bachelor's degree,Working full-time,No - 42,3.5,Yes
141.226.93.43,186,3.1,11/16/2022 9:31,32.0803,34.7805,Native / Bilingual or Full Professional Proficiency,No Proficiency,No Proficiency,No Proficiency,No Proficiency,5,5,5,4,5,6,6,5,5,5,IM_78wglioPC0XZGrY,Male,45 - 54 years old,Married,Master's degree,Working full-time,No - 43,0,No
147.235.207.35,206,3.43,11/16/2022 9:44,32.0803,34.7805,Reading and understanding,No Proficiency,No Proficiency,No Proficiency,Reading and understanding,5,4,5,3,1,4,3,1,5,1,IM_4Jcc40dsj8zuGDs,Male,35 - 44 years old,Married,Bachelor's degree,Working full-time,No - 44,2,No
84.229.76.200,199,3.32,11/16/2022 9:45,32.0759,34.8215,Reading and understanding,No Proficiency,Native / Bilingual or Full Professional Proficiency,No Proficiency,No Proficiency,6,5,4,5,5,3,6,6,5,6,IM_4Jcc40dsj8zuGDs,Female,35 - 44 years old,Married,Bachelor's degree,Working full-time,Yes - 45,1,No
77.137.74.50,357,5.95,11/16/2022 10:34,32.0803,34.7805,Native / Bilingual or Full Professional Proficiency,No Proficiency,No Proficiency,Speaking only,No Proficiency,4,4,1,1,6,4,6,1,5,4,IM_4Jcc40dsj8zuGDs,Female,25 - 34 years old,Married,Bachelor's degree,Working full-time,Yes - 46,5,No
89.139.68.147,103,1.72,11/16/2022 10:50,32.0803,34.7805,No Proficiency,No Proficiency,Speaking only,Reading and understanding,Reading and understanding,1,1,6,3,7,1,1,5,7,3,IM_esRrewWxAThl3FQ,Prefer to self-describe (please tick and specify):,35 - 44 years old,Prefer not to say,Bachelor's degree,Prefer not to say,No - 47,0,No
188.120.128.121,835,13.92,11/16/2022 10:53,32.0803,34.7805,Native / Bilingual or Full Professional Proficiency,No Proficiency,No Proficiency,No Proficiency,No Proficiency,3,3,4,3,4,5,4,2,5,5,IM_cHofXzQ2tkFJ01g,Female,35 - 44 years old,Married,Master's degree,Working full-time,Yes - 48,3.5,No
77.137.66.204,215,3.58,11/16/2022 11:09,31.9642,34.7876,Native / Bilingual or Full Professional Proficiency,No Proficiency,No Proficiency,No Proficiency,No Proficiency,5,5,5,3,5,6,5,3,5,5,IM_4Jcc40dsj8zuGDs,Male,25 - 34 years old,Married,Bachelor's degree,Working full-time,No - 49,0,No
77.137.67.61,148,2.47,11/16/2022 11:10,31.5,34.75,No Proficiency,No Proficiency,Reading and understanding,Speaking only,Speaking only,1,2,1,1,1,1,1,1,1,1,IM_4Jcc40dsj8zuGDs,Female,25 - 34 years old,Married,Less than high school degree,Working full-time,No - 50,5,No
109.64.115.64,499,8.32,11/16/2022 11:19,31.7674,35.2186,Native / Bilingual or Full Professional Proficiency,No Proficiency,No Proficiency,Reading and understanding,No Proficiency,7,6,7,5,7,4,7,1,3,1,IM_dmMU1KI43SV5um2,Female,25 - 34 years old,Living with a partner,Bachelor's degree,Student,Yes - 51,3.5,No
185.3.145.85,179,2.98,11/16/2022 11:57,32.0803,34.7805,Native / Bilingual or Full Professional Proficiency,No Proficiency,Native / Bilingual or Full Professional Proficiency,No Proficiency,No Proficiency,5,5,4,4,3,5,5,3,4,4,IM_cHofXzQ2tkFJ01g,Female,25 - 34 years old,Living with a partner,Bachelor's degree,Working part-time,No - 52,1,Yes
176.229.188.236,13315,221.92,11/16/2022 12:03,32.4419,34.9039,Native / Bilingual or Full Professional Proficiency,No Proficiency,No Proficiency,No Proficiency,No Proficiency,4,6,6,3,5,3,6,2,6,3,IM_cHofXzQ2tkFJ01g,Female,65+  years old,Married,Bachelor's degree,Working full-time,Yes - 53 ,2,No
79.176.162.203,237,3.95,11/16/2022 12:11,32.1033,34.8879,Native / Bilingual or Full Professional Proficiency,Native / Bilingual or Full Professional Proficiency,No Proficiency,No Proficiency,No Proficiency,4,2,6,4,6,4,6,2,5,3,IM_4Jcc40dsj8zuGDs,Female,35 - 44 years old,Single,Bachelor's degree,Working full-time,No - 54,2,No
46.120.89.195,202,3.37,11/16/2022 13:32,32.0729,34.8481,Native / Bilingual or Full Professional Proficiency,No Proficiency,Reading and understanding,No Proficiency,No Proficiency,3,3,3,2,3,5,5,4,5,4,IM_4Jcc40dsj8zuGDs,Male,25 - 34 years old,Single,Bachelor's degree,Working full-time,Yes - 55,0,No
2.52.148.43,448,7.47,11/16/2022 13:56,32.0803,34.7805,Reading and understanding,No Proficiency,No Proficiency,No Proficiency,No Proficiency,6,5,5,2,6,4,6,1,6,3,IM_dmMU1KI43SV5um2,Female,35 - 44 years old,Divorced / Separated,Master's degree,Working full-time,No - 56,3.5,No
46.31.102.61,519,8.65,11/16/2022 15:43,32.0759,34.8215,No Proficiency,No Proficiency,No Proficiency,No Proficiency,No Proficiency,1,2,7,1,7,4,7,1,7,1,IM_4Jcc40dsj8zuGDs,Male,45 - 54 years old,Married,Bachelor's degree,Working full-time,No - 57,1,Yes
62.0.131.189,217,3.62,11/16/2022 22:18,31.7674,35.2186,Reading and understanding,No Proficiency,No Proficiency,No Proficiency,No Proficiency,3,2,6,3,4,5,5,2,6,1,IM_4Jcc40dsj8zuGDs,Female,45 - 54 years old,Married,Master's degree,Working full-time,Yes - 58,5,No
5.29.9.52,559,9.32,11/16/2022 22:41,32.0803,34.7805,Native / Bilingual or Full Professional Proficiency,Reading and understanding,Native / Bilingual or Full Professional Proficiency,No Proficiency,No Proficiency,6,2,6,2,7,2,7,1,7,1,IM_cHofXzQ2tkFJ01g,Female,65+  years old,Married,Bachelor's degree,Working full-time,59 - Yes,3.5,No
87.69.240.218,615,10.25,11/16/2022 23:01,32.67,35.2464,Reading and understanding,No Proficiency,Reading and understanding,No Proficiency,No Proficiency,5,7,3,1,5,5,6,1,5,2,IM_dmMU1KI43SV5um2,Female,65+  years old,Living with a partner,Master's degree,Retired,60 - Yes,0,No
212.143.119.191,204,3.4,11/17/2022 0:22,32.0803,34.7805,Reading and understanding,No Proficiency,No Proficiency,No Proficiency,No Proficiency,4,4,1,3,3,4,4,4,5,4,IM_cHofXzQ2tkFJ01g,Male,35 - 44 years old,Married,High school graduate (high school diploma or equivalent including GDE),Working part-time,61 - Yes,1,Yes
94.159.194.141,310,5.17,11/17/2022 3:40,32.1678,34.8205,Native / Bilingual or Full Professional Proficiency,No Proficiency,No Proficiency,Native / Bilingual or Full Professional Proficiency,No Proficiency,4,2,2,2,6,5,6,2,6,3,IM_dmMU1KI43SV5um2,Male,35 - 44 years old,Married,Bachelor's degree,Working full-time,62 - No,2,Yes
212.179.1.218,245,4.08,11/17/2022 4:08,32.0717,34.8153,Speaking only,No Proficiency,No Proficiency,No Proficiency,Speaking only,5,3,6,5,4,5,6,2,4,3,IM_dmMU1KI43SV5um2,Male,55 - 64 years old,Married,Bachelor's degree,Working full-time,63 - Yes,5,Yes
83.130.19.75,460,7.67,11/17/2022 6:22,32.0123,34.7705,Native / Bilingual or Full Professional Proficiency,No Proficiency,No Proficiency,Native / Bilingual or Full Professional Proficiency,No Proficiency,5,5,5,2,4,4,6,2,5,5,IM_4Jcc40dsj8zuGDs,Female,35 - 44 years old,Married,Master's degree,Working full-time,64 - Yes ,3.5,No
77.137.71.14,510,8.5,11/17/2022 14:16,31.5,34.75,Native / Bilingual or Full Professional Proficiency,No Proficiency,No Proficiency,No Proficiency,No Proficiency,6,2,6,4,7,4,7,1,6,2,IM_dmMU1KI43SV5um2,Male,35 - 44 years old,Married,Master's degree,Working part-time,65 - Yes,1,Yes
31.154.165.253,449,7.48,11/17/2022 23:24,31.7858,34.7022,Reading and understanding,No Proficiency,Native / Bilingual or Full Professional Proficiency,No Proficiency,No Proficiency,3,4,5,4,5,3,3,3,5,3,IM_esRrewWxAThl3FQ,Male,65+  years old,Married,Bachelor's degree,Working part-time,66 - Yes,7.5,Yes
87.71.140.93,373,6.22,11/18/2022 1:09,32.1033,34.8879,Reading and understanding,No Proficiency,No Proficiency,No Proficiency,No Proficiency,5,1,7,1,7,4,6,1,6,2,IM_cHofXzQ2tkFJ01g,Male,45 - 54 years old,Married,Bachelor's degree,Working full-time,67 - Yes,10,No
2.54.55.132,217,3.62,11/18/2022 2:03,32.0803,34.7805,Native / Bilingual or Full Professional Proficiency,No Proficiency,No Proficiency,No Proficiency,No Proficiency,5,4,2,3,5,5,5,4,4,5,IM_cHofXzQ2tkFJ01g,Male,25 - 34 years old,Married,Master's degree,Working full-time,68 - No,3.5,No
77.137.77.220,416,6.93,11/18/2022 9:23,31.5,34.75,Reading and understanding,No Proficiency,No Proficiency,No Proficiency,No Proficiency,1,1,7,2,3,5,7,1,7,1,IM_9tpaeFzdkiuV5bw,Female,55 - 64 years old,Married,Bachelor's degree,Working full-time,69 - Yes,0,No
147.235.202.134,431,7.18,11/18/2022 15:04,31.7674,35.2186,Native / Bilingual or Full Professional Proficiency,No Proficiency,Speaking only,No Proficiency,No Proficiency,2,3,5,4,2,5,3,3,4,2,IM_4Jcc40dsj8zuGDs,Female,25 - 34 years old,Living with a partner,Bachelor's degree,Working part-time,70 - Yes,5,No
5.28.176.173,136,2.27,11/19/2022 6:08,32.1033,34.8879,Native / Bilingual or Full Professional Proficiency,Speaking only,No Proficiency,No Proficiency,No Proficiency,1,2,1,1,1,4,1,1,1,1,IM_9tpaeFzdkiuV5bw,Male,35 - 44 years old,Single,High school graduate (high school diploma or equivalent including GDE),Working full-time,71 - Yes,7.5,Yes
141.226.73.191,430,7.17,11/19/2022 7:59,32.0803,34.7805,Native / Bilingual or Full Professional Proficiency,No Proficiency,Reading and understanding,No Proficiency,No Proficiency,6,6,6,4,6,2,6,4,6,4,IM_78wglioPC0XZGrY,Male,25 - 34 years old,Married,Bachelor's degree,Working full-time,72 - No,10,Yes
5.28.186.112,794,13.23,11/19/2022 12:35,32.0803,34.7805,Native / Bilingual or Full Professional Proficiency,No Proficiency,Speaking only,No Proficiency,Native / Bilingual or Full Professional Proficiency,6,5,6,4,5,2,6,2,3,2,IM_dmMU1KI43SV5um2,Female,55 - 64 years old,Divorced / Separated,Master's degree,Working full-time,73 - Yes,3.5,Yes
109.226.45.37,264,4.4,11/20/2022 0:31,32.0759,34.8215,Reading and understanding,No Proficiency,No Proficiency,No Proficiency,No Proficiency,4,2,7,3,6,3,5,1,4,1,IM_4Jcc40dsj8zuGDs,Female,35 - 44 years old,Married,Master's degree,Working full-time,74 - Yes,2,No
147.235.202.55,244,4.07,11/20/2022 3:13,32.0803,34.7805,Native / Bilingual or Full Professional Proficiency,No Proficiency,No Proficiency,No Proficiency,No Proficiency,2,6,6,1,5,5,5,1,6,1,IM_4Jcc40dsj8zuGDs,Male,45 - 54 years old,Married,Phd,Working part-time,75 - No,1,No
109.253.212.117,312,5.2,11/20/2022 3:16,32.0803,34.7805,Reading and understanding,No Proficiency,Reading and understanding,No Proficiency,No Proficiency,3,5,5,2,3,4,6,1,7,3,IM_dmMU1KI43SV5um2,Male,25 - 34 years old,Married,Bachelor's degree,Working full-time,76 - Yes,0,Yes
2.55.162.214,247,4.12,11/20/2022 3:26,32.0803,34.7805,Reading and understanding,Speaking only,No Proficiency,No Proficiency,No Proficiency,3,3,5,4,5,4,5,4,5,4,IM_cHofXzQ2tkFJ01g,Male,25 - 34 years old,Married,High school graduate (high school diploma or equivalent including GDE),Working full-time,77 - Yes,3.5,No
85.65.74.81,486,8.1,11/20/2022 3:36,31.6505,34.7028,Reading and understanding,Reading and understanding,Native / Bilingual or Full Professional Proficiency,No Proficiency,No Proficiency,6,2,7,6,6,3,6,1,3,1,IM_cHofXzQ2tkFJ01g,Female,55 - 64 years old,Living with a partner,Bachelor's degree,Working full-time,78 - Yes,2,Yes
212.235.60.131,901,15.02,11/20/2022 3:37,32.7919,35.5298,Reading and understanding,No Proficiency,No Proficiency,Speaking only,No Proficiency,4,3,4,4,3,5,6,3,5,3,IM_4Jcc40dsj8zuGDs,Female,35 - 44 years old,Married,Bachelor's degree,Working full-time,79 - No,10,No
195.60.232.179,389,6.48,11/20/2022 3:38,31.7674,35.2186,Reading and understanding,No Proficiency,No Proficiency,No Proficiency,No Proficiency,2,1,7,1,6,3,3,4,7,2,IM_cHofXzQ2tkFJ01g,Female,25 - 34 years old,Married,Bachelor's degree,"Other (please specify): ?©?›?™?¨?” ?‘?—?œ""?“",80 - No,5,No
188.64.207.176,334,5.57,11/20/2022 3:38,32.0803,34.7805,Native / Bilingual or Full Professional Proficiency,No Proficiency,No Proficiency,No Proficiency,No Proficiency,4,4,3,4,7,5,6,4,5,4,IM_cHofXzQ2tkFJ01g,Male,25 - 34 years old,Living with a partner,Bachelor's degree,Student,81 - Yes,1,No
79.176.167.91,466,7.77,11/20/2022 3:39,32.0803,34.7805,Native / Bilingual or Full Professional Proficiency,No Proficiency,No Proficiency,No Proficiency,No Proficiency,4,5,5,4,4,4,2,2,2,1,IM_cHofXzQ2tkFJ01g,Female,45 - 54 years old,Single,Bachelor's degree,Working full-time,82 - Yes,0,No
176.12.148.127,721,12.02,11/20/2022 3:49,32.0803,34.7805,Reading and understanding,No Proficiency,Reading and understanding,No Proficiency,No Proficiency,4,6,5,5,6,4,5,3,5,4,IM_4Jcc40dsj8zuGDs,Female,55 - 64 years old,Married,Bachelor's degree,Working full-time,83 - Yes,5,Yes
192.115.114.93,284,4.73,11/20/2022 4:11,31.8964,35.0162,Native / Bilingual or Full Professional Proficiency,No Proficiency,No Proficiency,No Proficiency,No Proficiency,4,5,6,2,6,6,5,3,6,2,IM_4Jcc40dsj8zuGDs,Male,55 - 64 years old,Married,Bachelor's degree,Working full-time,84 - Yes,7.5,No
176.12.238.238,149,2.48,11/20/2022 4:12,32.0803,34.7805,Speaking only,No Proficiency,No Proficiency,No Proficiency,Reading and understanding,6,4,6,7,6,4,6,1,3,1,IM_cHofXzQ2tkFJ01g,Male,25 - 34 years old,Single,Bachelor's degree,Working full-time,85 - Yes,3.5,No
45.80.91.61,460,7.67,11/20/2022 4:25,32.0803,34.7805,Reading and understanding,No Proficiency,No Proficiency,No Proficiency,No Proficiency,3,4,4,3,5,5,6,5,5,4,IM_esRrewWxAThl3FQ,Male,65+  years old,Married,Bachelor's degree,A homemaker or stay-at-home parent,86 - Yes,0,No
188.64.206.25,5733,95.55,11/20/2022 5:12,32.0803,34.7805,Reading and understanding,No Proficiency,Reading and understanding,Reading and understanding,No Proficiency,5,4,4,4,7,5,6,3,6,1,IM_dmMU1KI43SV5um2,Male,18 - 24 years old,Single,Bachelor's degree,Working full-time,87 - Yes,10,No
176.231.184.88,5312,88.53,11/20/2022 5:54,31.8943,34.8192,Native / Bilingual or Full Professional Proficiency,No Proficiency,No Proficiency,No Proficiency,No Proficiency,4,4,7,3,7,4,5,3,6,2,IM_78wglioPC0XZGrY,Female,35 - 44 years old,Married,Master's degree,Working part-time,88 - Yes,2,No
46.121.101.92,181,3.02,11/20/2022 8:55,32.6113,35.2885,Reading and understanding,No Proficiency,No Proficiency,No Proficiency,No Proficiency,5,6,2,3,3,2,7,3,4,6,IM_4Jcc40dsj8zuGDs,Female,25 - 34 years old,Married,Bachelor's degree,Working full-time,89 - Yes,1,Yes
80.179.231.55,341,5.68,11/20/2022 9:22,32.3961,34.9364,Native / Bilingual or Full Professional Proficiency,No Proficiency,No Proficiency,No Proficiency,No Proficiency,5,3,6,3,6,4,6,2,5,3,IM_dmMU1KI43SV5um2,Male,45 - 54 years old,Married,Bachelor's degree,Working full-time,90 - Yes,0,No
85.65.234.227,350,5.83,11/20/2022 11:22,32.0236,34.7522,Native / Bilingual or Full Professional Proficiency,No Proficiency,No Proficiency,No Proficiency,No Proficiency,4,5,7,6,5,4,6,3,4,2,IM_4Jcc40dsj8zuGDs,Female,35 - 44 years old,Divorced / Separated,Bachelor's degree,Working full-time,91 - Yes,10,No
77.137.71.144,474,7.9,11/20/2022 12:49,31.5,34.75,Reading and understanding,No Proficiency,No Proficiency,No Proficiency,No Proficiency,5,3,6,1,6,5,7,1,6,1,IM_4Jcc40dsj8zuGDs,Male,25 - 34 years old,Married,Some college but no degree,Working part-time,92 - Yes ,2,No
82.81.13.107,365,6.08,11/20/2022 22:37,32.5142,35.1549,Native / Bilingual or Full Professional Proficiency,No Proficiency,Speaking only,Speaking only,No Proficiency,4,5,5,5,6,7,7,4,4,2,IM_cHofXzQ2tkFJ01g,Female,35 - 44 years old,Married,Other: engineer,Working full-time,93 - No ,1,No
37.46.46.206,291,4.85,11/21/2022 4:27,32.0803,34.7805,Native / Bilingual or Full Professional Proficiency,Native / Bilingual or Full Professional Proficiency,No Proficiency,No Proficiency,Reading and understanding,4,4,4,2,7,2,3,1,3,2,IM_4Jcc40dsj8zuGDs,Male,35 - 44 years old,Married,Bachelor's degree,Working full-time,94 - Yes,3.5,Yes
141.226.73.61,144,2.4,11/21/2022 7:26,31.7674,35.2186,Native / Bilingual or Full Professional Proficiency,No Proficiency,No Proficiency,No Proficiency,No Proficiency,7,1,2,2,7,4,6,2,7,1,IM_cHofXzQ2tkFJ01g,Male,55 - 64 years old,Married,Phd,Working full-time,95 - No**,7.5,Yes
82.114.45.60,308,5.13,11/21/2022 9:37,32.0803,34.7805,Native / Bilingual or Full Professional Proficiency,Native / Bilingual or Full Professional Proficiency,No Proficiency,No Proficiency,Reading and understanding,6,4,6,2,5,3,6,2,6,2,IM_4Jcc40dsj8zuGDs,Male,35 - 44 years old,Married,Bachelor's degree,Working full-time,96 - Yes,10,No
46.117.33.116,315,5.25,11/21/2022 9:37,32.1045,34.9576,Reading and understanding,No Proficiency,Reading and understanding,No Proficiency,No Proficiency,4,4,7,4,4,5,5,3,5,3,IM_cHofXzQ2tkFJ01g,Female,25 - 34 years old,Married,Bachelor's degree,Working part-time,97 - No,5,Yes
147.235.219.42,423,7.05,11/21/2022 10:02,31.9642,34.7876,Native / Bilingual or Full Professional Proficiency,Reading and understanding,No Proficiency,No Proficiency,No Proficiency,4,1,4,1,6,1,7,1,7,1,IM_78wglioPC0XZGrY,Female,65+  years old,Living with a partner,Bachelor's degree,Retired,98 - Yes,2,No
188.64.206.71,361,6.02,11/21/2022 10:10,32.0803,34.7805,Reading and understanding,No Proficiency,Reading and understanding,Reading and understanding,Speaking only,6,3,7,1,6,4,7,1,5,2,IM_4Jcc40dsj8zuGDs,Female,25 - 34 years old,Married,Master's degree,Working full-time,99 - Yes,0,No
213.137.65.142,377,6.28,11/21/2022 10:27,32.1033,34.8879,Native / Bilingual or Full Professional Proficiency,No Proficiency,No Proficiency,No Proficiency,No Proficiency,4,2,5,2,5,3,5,2,5,2,IM_4Jcc40dsj8zuGDs,Male,55 - 64 years old,Married,Phd,Working full-time,100 - No,3.5,No
93.172.225.116,307,5.12,11/21/2022 10:56,32.0803,34.7805,Reading and understanding,No Proficiency,No Proficiency,No Proficiency,No Proficiency,7,5,6,4,6,5,7,1,3,1,IM_9tpaeFzdkiuV5bw,Female,55 - 64 years old,Living with a partner,Phd,Working part-time,101 - Yes,5,Yes
80.246.130.122,593,9.88,11/21/2022 11:10,31.7674,35.2186,Native / Bilingual or Full Professional Proficiency,No Proficiency,No Proficiency,No Proficiency,Speaking only,4,1,6,2,5,6,6,1,7,1,IM_esRrewWxAThl3FQ,Male,55 - 64 years old,Married,Master's degree,Working full-time,102 - Yes,7.5,No
89.139.140.255,587,9.78,11/21/2022 12:00,32.816,34.9821,Native / Bilingual or Full Professional Proficiency,No Proficiency,Speaking only,No Proficiency,No Proficiency,4,5,6,5,4,2,7,1,3,3,IM_4Jcc40dsj8zuGDs,Female,25 - 34 years old,Married,Bachelor's degree,Working full-time,103 - Yes,2,Yes
176.231.90.45,376,6.27,11/21/2022 14:50,32.8415,35.0746,Reading and understanding,No Proficiency,No Proficiency,No Proficiency,No Proficiency,5,4,4,4,6,5,5,5,4,4,IM_esRrewWxAThl3FQ,Male,35 - 44 years old,Single,Master's degree,Working full-time,104 - Yes,3.5,No
185.175.34.135,272,4.53,11/23/2022 0:25,32.3348,34.8596,Speaking only,No Proficiency,No Proficiency,Reading and understanding,No Proficiency,3,4,4,3,4,5,3,4,3,4,IM_4Jcc40dsj8zuGDs,Female,35 - 44 years old,Married,Bachelor's degree,Working full-time,105 - Yes,0,No
188.64.207.114,451,7.52,11/23/2022 2:06,32.0759,34.8215,Speaking only,No Proficiency,No Proficiency,Native / Bilingual or Full Professional Proficiency,No Proficiency,5,3,4,5,4,4,4,2,4,6,IM_4Jcc40dsj8zuGDs,Male,45 - 54 years old,Married,Master's degree,Working full-time,106 - No,10,No
84.110.50.98,255089,4251.48,11/23/2022 3:44,33.0068,35.0858,Native / Bilingual or Full Professional Proficiency,No Proficiency,Speaking only,Native / Bilingual or Full Professional Proficiency,No Proficiency,5,3,5,2,6,4,5,2,5,2,IM_cHofXzQ2tkFJ01g,Male,25 - 34 years old,Married,Bachelor's degree,Working full-time,107 - Yes,7.5,Yes
82.166.146.203,389,6.48,11/23/2022 6:53,31.9995,34.9482,Reading and understanding,No Proficiency,No Proficiency,No Proficiency,No Proficiency,2,4,4,2,4,1,3,2,1,4,IM_4Jcc40dsj8zuGDs,Female,25 - 34 years old,Married,High school graduate (high school diploma or equivalent including GDE),Working part-time,108 - Yes,1,No
85.64.146.140,891,14.85,11/23/2022 10:03,32.1865,34.8726,Speaking only,No Proficiency,No Proficiency,No Proficiency,No Proficiency,6,6,1,6,2,2,3,5,2,4,IM_4Jcc40dsj8zuGDs,Male,35 - 44 years old,Married,Bachelor's degree,Working full-time,109 - No,7.5,Yes
109.253.181.80,150,2.5,11/23/2022 22:54,32.0803,34.7805,Reading and understanding,No Proficiency,Speaking only,No Proficiency,Speaking only,5,5,5,4,5,4,5,5,5,5,IM_4Jcc40dsj8zuGDs,Female,25 - 34 years old,Living with a partner,Master's degree,Working full-time,110 - No**,1,Yes
5.29.18.174,467,7.78,11/24/2022 2:26,32.0803,34.7805,Native / Bilingual or Full Professional Proficiency,No Proficiency,No Proficiency,No Proficiency,No Proficiency,5,3,1,1,5,5,6,1,7,2,IM_cHofXzQ2tkFJ01g,Male,45 - 54 years old,Married,Master's degree,Working full-time,111 - No,2,No
176.12.252.214,247,4.12,11/24/2022 9:23,32.0803,34.7805,Speaking only,No Proficiency,No Proficiency,No Proficiency,Reading and understanding,4,5,2,5,7,3,4,6,3,4,IM_cHofXzQ2tkFJ01g,Male,25 - 34 years old,Single,Bachelor's degree,Working full-time,112 - Yes,0,Yes
176.12.214.191,360,6,11/24/2022 9:25,32.0803,34.7805,Native / Bilingual or Full Professional Proficiency,No Proficiency,No Proficiency,No Proficiency,No Proficiency,3,4,4,2,4,5,6,2,6,3,IM_4Jcc40dsj8zuGDs,Female,35 - 44 years old,Married,Bachelor's degree,Working full-time,113 - Yes,3.5,No
176.230.204.11,410,6.83,11/24/2022 9:26,32.0358,34.8886,Reading and understanding,No Proficiency,No Proficiency,No Proficiency,No Proficiency,6,2,6,2,5,5,6,2,5,4,IM_dmMU1KI43SV5um2,Male,55 - 64 years old,Married,Phd,Working part-time,114 - Yes,10,No
87.71.149.89,294,4.9,11/24/2022 9:27,32.1045,34.9576,Reading and understanding,No Proficiency,No Proficiency,No Proficiency,No Proficiency,5,3,2,4,6,3,7,4,5,3,IM_4Jcc40dsj8zuGDs,Female,25 - 34 years old,Single,Bachelor's degree,Student,115 - No,5,No
46.116.56.17,377,6.28,11/24/2022 9:30,31.9286,34.807,Reading and understanding,No Proficiency,No Proficiency,No Proficiency,No Proficiency,5,3,6,1,7,4,4,1,7,3,IM_4Jcc40dsj8zuGDs,Male,35 - 44 years old,Married,Bachelor's degree,Working full-time,116 - No,1,No
176.12.232.48,471,7.85,11/24/2022 9:35,32.1033,34.8879,Native / Bilingual or Full Professional Proficiency,No Proficiency,No Proficiency,No Proficiency,No Proficiency,5,6,4,4,5,3,6,2,4,2,IM_4Jcc40dsj8zuGDs,Female,35 - 44 years old,Married,Bachelor's degree,Working full-time,117 - Yes,7.5,No
93.172.164.223,721,12.02,11/24/2022 9:36,32.0803,34.7805,Native / Bilingual or Full Professional Proficiency,No Proficiency,No Proficiency,No Proficiency,No Proficiency,3,2,6,4,6,3,6,2,6,2,IM_dmMU1KI43SV5um2,Female,45 - 54 years old,Married,Master's degree,Retired,118 - Yes,10,No
109.66.93.110,523,8.72,11/24/2022 9:36,32.0803,34.7805,Reading and understanding,No Proficiency,No Proficiency,No Proficiency,No Proficiency,3,3,3,1,3,2,3,3,3,7,IM_cHofXzQ2tkFJ01g,Male,25 - 34 years old,Married,Bachelor's degree,Working full-time,119 - Yes,3.5,Yes
77.137.73.46,1001,16.68,11/24/2022 9:37,32.0803,34.7805,Reading and understanding,Reading and understanding,No Proficiency,Native / Bilingual or Full Professional Proficiency,No Proficiency,4,5,6,3,3,5,6,1,4,2,IM_9tpaeFzdkiuV5bw,Female,65+  years old,Widowed,High school graduate (high school diploma or equivalent including GDE),Other (please specify): Pensioner,120 - Yes,2,No
2.53.15.148,549,9.15,11/24/2022 9:38,32.0803,34.7805,Native / Bilingual or Full Professional Proficiency,No Proficiency,No Proficiency,No Proficiency,No Proficiency,1,4,6,4,6,5,5,4,6,2,IM_cHofXzQ2tkFJ01g,Male,25 - 34 years old,Single,Bachelor's degree,Working full-time,121 - Yes,0,No
176.230.92.136,373,6.22,11/24/2022 9:40,32.0759,34.8215,Reading and understanding,No Proficiency,No Proficiency,No Proficiency,No Proficiency,3,2,4,4,4,4,3,2,3,2,IM_dmMU1KI43SV5um2,Female,55 - 64 years old,Living with a partner,Phd,Working part-time,122 - Yes,5,No
2.54.42.219,535,8.92,11/24/2022 9:40,32.0803,34.7805,Reading and understanding,No Proficiency,Speaking only,No Proficiency,Speaking only,5,5,7,2,6,5,6,1,6,5,IM_4Jcc40dsj8zuGDs,Male,35 - 44 years old,Married,Master's degree,Working full-time,123 - Yes,10,No
45.80.91.60,198,3.3,11/24/2022 9:45,32.0803,34.7805,Reading and understanding,No Proficiency,Native / Bilingual or Full Professional Proficiency,Speaking only,No Proficiency,5,3,5,4,6,6,4,5,4,2,IM_4Jcc40dsj8zuGDs,Female,25 - 34 years old,Married,Master's degree,Student,124 - Yes,1,No
46.116.61.246,376,6.27,11/24/2022 9:47,32.3154,34.9339,Reading and understanding,No Proficiency,No Proficiency,No Proficiency,No Proficiency,5,2,2,2,5,4,6,1,7,1,IM_4Jcc40dsj8zuGDs,Male,65+  years old,Married,Bachelor's degree,Retired,125 - Yes,2,Yes
192.115.190.158,297,4.95,11/24/2022 9:48,31.6926,34.7235,Reading and understanding,No Proficiency,No Proficiency,No Proficiency,No Proficiency,5,4,4,4,2,2,2,4,4,4,IM_4Jcc40dsj8zuGDs,Female,25 - 34 years old,Married,Bachelor's degree,Working part-time,126 - No,5,Yes
163.116.162.122,399,6.65,11/24/2022 9:48,51.5164,-0.093,Native / Bilingual or Full Professional Proficiency,No Proficiency,No Proficiency,No Proficiency,No Proficiency,7,6,7,5,6,3,7,1,3,1,IM_4Jcc40dsj8zuGDs,Female,35 - 44 years old,Married,Bachelor's degree,Working full-time,127 - Yes,0,No
87.69.230.223,384,6.4,11/24/2022 9:54,32.0123,34.7705,Reading and understanding,No Proficiency,No Proficiency,Native / Bilingual or Full Professional Proficiency,No Proficiency,4,4,4,4,4,4,4,3,4,4,IM_78wglioPC0XZGrY,Female,65+  years old,Divorced / Separated,High school graduate (high school diploma or equivalent including GDE),Working full-time,128 - Yes,7.5,Yes
109.253.161.140,779,12.98,11/24/2022 9:55,32.0803,34.7805,Native / Bilingual or Full Professional Proficiency,No Proficiency,Reading and understanding,Native / Bilingual or Full Professional Proficiency,No Proficiency,3,6,5,5,4,5,7,3,5,4,IM_4Jcc40dsj8zuGDs,Female,35 - 44 years old,Married,Bachelor's degree,Working full-time,129 - Yes,3.5,No
5.28.186.95,523,8.72,11/24/2022 10:00,32.0803,34.7805,Reading and understanding,No Proficiency,No Proficiency,No Proficiency,No Proficiency,3,2,6,3,5,2,7,1,4,4,IM_4Jcc40dsj8zuGDs,Female,45 - 54 years old,Married,Master's degree,A homemaker or stay-at-home parent,130 - Yes,10,No
80.179.89.117,3257,54.28,11/24/2022 10:13,31.0439,34.7218,Reading and understanding,No Proficiency,No Proficiency,No Proficiency,No Proficiency,2,3,2,2,5,4,5,3,5,3,IM_cHofXzQ2tkFJ01g,Male,55 - 64 years old,Divorced / Separated,Bachelor's degree,Working full-time,131 - Yes,7.5,Yes
87.68.230.94,761,12.68,11/24/2022 10:19,31.8943,34.8192,Native / Bilingual or Full Professional Proficiency,No Proficiency,No Proficiency,No Proficiency,No Proficiency,3,3,2,4,6,2,6,1,2,3,IM_esRrewWxAThl3FQ,Female,55 - 64 years old,Married,Master's degree,Working part-time,132 - Yes,2,No
176.230.182.17,422,7.03,11/24/2022 10:26,32.4801,34.978,Reading and understanding,No Proficiency,No Proficiency,No Proficiency,No Proficiency,1,1,6,1,5,7,6,1,7,1,IM_78wglioPC0XZGrY,Male,65+  years old,Married,Master's degree,Working part-time,133 - Yes,3.5,Yes
147.235.202.29,578,9.63,11/24/2022 10:27,32.0803,34.7805,Native / Bilingual or Full Professional Proficiency,No Proficiency,No Proficiency,No Proficiency,No Proficiency,3,1,1,2,6,2,6,1,7,2,IM_78wglioPC0XZGrY,Male,55 - 64 years old,Married,Master's degree,Working full-time,134 - Yes,0,Yes
188.64.207.169,4223,70.38,11/24/2022 10:30,32.0803,34.7805,Reading and understanding,No Proficiency,No Proficiency,No Proficiency,No Proficiency,2,2,4,2,5,5,5,5,5,2,IM_esRrewWxAThl3FQ,Male,25 - 34 years old,Married,Bachelor's degree,Working full-time,135 - Yes,1,No
87.71.253.192,383,6.38,11/24/2022 10:49,32.1033,34.8879,No Proficiency,No Proficiency,No Proficiency,Speaking only,No Proficiency,2,1,1,1,4,1,3,3,2,1,IM_9tpaeFzdkiuV5bw,Non-binary / third gender,45 - 54 years old,Living with a partner,Some college but no degree,Unemployed and looking for work,136 - No,5,No
109.67.48.230,520,8.67,11/24/2022 10:50,32.0803,34.7805,Native / Bilingual or Full Professional Proficiency,Reading and understanding,No Proficiency,No Proficiency,Speaking only,5,3,7,4,5,4,7,4,4,2,IM_dmMU1KI43SV5um2,Female,35 - 44 years old,Single,Master's degree,Working full-time,137 - No,1,No
46.19.86.46,550,9.17,11/24/2022 10:53,32.0803,34.7805,Reading and understanding,Reading and understanding,Reading and understanding,No Proficiency,Reading and understanding,5,3,2,4,6,6,6,3,5,4,IM_78wglioPC0XZGrY,Male,55 - 64 years old,Married,Master's degree,Working full-time,138 - Yes,0,No
176.12.157.96,514,8.57,11/24/2022 10:54,32.0759,34.8215,Reading and understanding,No Proficiency,No Proficiency,No Proficiency,Speaking only,2,2,1,1,7,2,5,5,5,3,IM_78wglioPC0XZGrY,Female,25 - 34 years old,Married,Bachelor's degree,Working full-time,139 - Yes,2,No
141.226.58.195,404,6.73,11/24/2022 10:54,32.0803,34.7805,Native / Bilingual or Full Professional Proficiency,Native / Bilingual or Full Professional Proficiency,Speaking only,No Proficiency,Speaking only,4,4,4,2,6,3,2,2,7,2,IM_9tpaeFzdkiuV5bw,Female,35 - 44 years old,Married,Master's degree,Working part-time,140 - No,5,Yes
89.139.235.89,902,15.03,11/24/2022 10:59,32.0803,34.7805,Reading and understanding,Speaking only,Speaking only,No Proficiency,Speaking only,7,7,5,4,3,3,7,6,4,2,IM_cHofXzQ2tkFJ01g,Female,35 - 44 years old,Married,Bachelor's degree,Working full-time,141 - Yes,7.5,Yes
77.137.67.108,350,5.83,11/24/2022 11:01,31.5,34.75,No Proficiency,No Proficiency,No Proficiency,No Proficiency,No Proficiency,4,4,3,4,3,5,6,3,6,4,IM_4Jcc40dsj8zuGDs,Female,25 - 34 years old,Married,Bachelor's degree,A homemaker or stay-at-home parent,142 - No,3.5,Yes
79.183.238.133,376,6.27,11/24/2022 11:15,32.1772,34.9039,Native / Bilingual or Full Professional Proficiency,No Proficiency,No Proficiency,No Proficiency,Reading and understanding,5,3,4,3,6,4,3,4,3,2,IM_cHofXzQ2tkFJ01g,Male,55 - 64 years old,Divorced / Separated,Bachelor's degree,Working full-time,143 - Yes,3.5,No
109.253.162.21,476,7.93,11/24/2022 11:20,32.0803,34.7805,Native / Bilingual or Full Professional Proficiency,No Proficiency,No Proficiency,No Proficiency,No Proficiency,7,1,2,1,6,3,7,1,7,1,IM_4Jcc40dsj8zuGDs,Female,25 - 34 years old,Married,Bachelor's degree,Working full-time,144 - Yes,2,No
147.235.197.37,230,3.83,11/24/2022 11:35,32.0803,34.7805,Reading and understanding,No Proficiency,No Proficiency,No Proficiency,No Proficiency,5,3,6,2,5,4,6,3,6,3,IM_78wglioPC0XZGrY,Male,25 - 34 years old,Married,Bachelor's degree,Working full-time,145 - No,7.5,No
176.12.198.44,617,10.28,11/24/2022 11:35,32.0803,34.7805,Reading and understanding,No Proficiency,Reading and understanding,No Proficiency,No Proficiency,6,4,2,6,6,6,5,3,4,4,IM_78wglioPC0XZGrY,Female,25 - 34 years old,Married,Bachelor's degree,Unemployed and looking for work,146 - Yes,10,Yes
147.235.220.108,409,6.82,11/24/2022 11:40,31.9642,34.7876,Reading and understanding,Speaking only,Speaking only,Speaking only,No Proficiency,2,4,4,3,4,4,4,2,6,4,IM_4Jcc40dsj8zuGDs,Female,45 - 54 years old,Living with a partner,Master's degree,Working part-time,147 - No,5,Yes
85.65.132.141,144,2.4,11/24/2022 11:41,32.1772,34.9039,Reading and understanding,No Proficiency,No Proficiency,Speaking only,No Proficiency,4,4,7,5,4,7,4,3,5,5,IM_78wglioPC0XZGrY,Male,25 - 34 years old,Single,Bachelor's degree,Unemployed and looking for work,148 - Yes,1,Yes
77.137.73.193,464,7.73,11/24/2022 11:44,32.0803,34.7805,Native / Bilingual or Full Professional Proficiency,No Proficiency,Reading and understanding,No Proficiency,No Proficiency,2,4,2,1,4,6,6,1,6,2,IM_78wglioPC0XZGrY,Male,65+  years old,Married,Bachelor's degree,Retired,149 - Yes,0,Yes
147.235.219.5,390,6.5,11/24/2022 11:48,31.9642,34.7876,Native / Bilingual or Full Professional Proficiency,Native / Bilingual or Full Professional Proficiency,Reading and understanding,No Proficiency,No Proficiency,4,2,1,1,5,4,5,4,5,2,IM_dmMU1KI43SV5um2,Male,65+  years old,Married,Master's degree,Retired,150 - Yes,1,No
2.52.13.59,410,6.83,11/24/2022 12:26,32.0803,34.7805,Native / Bilingual or Full Professional Proficiency,Native / Bilingual or Full Professional Proficiency,No Proficiency,No Proficiency,No Proficiency,6,2,4,3,3,2,7,7,7,1,IM_dmMU1KI43SV5um2,Female,55 - 64 years old,Living with a partner,Master's degree,Working full-time,151 - Yes,3.5,No
79.179.147.250,511,8.52,11/24/2022 13:04,31.2568,35.2139,Native / Bilingual or Full Professional Proficiency,Reading and understanding,Native / Bilingual or Full Professional Proficiency,No Proficiency,No Proficiency,4,5,5,5,7,4,6,2,6,1,IM_cHofXzQ2tkFJ01g,Female,65+  years old,Single,Master's degree,Retired,152 - No **,10,No
176.231.183.231,209,3.48,11/24/2022 15:02,32.3348,34.8596,Native / Bilingual or Full Professional Proficiency,No Proficiency,Reading and understanding,No Proficiency,No Proficiency,3,4,5,1,6,4,5,4,5,3,IM_cHofXzQ2tkFJ01g,Male,25 - 34 years old,Single,Bachelor's degree,Working full-time,153 - No ,0,Yes
176.12.238.154,12083,201.38,11/24/2022 15:10,32.0803,34.7805,Native / Bilingual or Full Professional Proficiency,No Proficiency,No Proficiency,No Proficiency,No Proficiency,5,1,5,2,7,5,4,1,7,1,IM_cHofXzQ2tkFJ01g,Female,18 - 24 years old,Married,Bachelor's degree,Student,154 - Yes,7.5,No
77.137.72.8,2040,34,11/24/2022 15:15,31.5,34.75,Native / Bilingual or Full Professional Proficiency,No Proficiency,No Proficiency,Native / Bilingual or Full Professional Proficiency,No Proficiency,4,3,5,6,4,7,5,1,5,5,IM_4Jcc40dsj8zuGDs,Male,25 - 34 years old,Single,Bachelor's degree,Working full-time,155 - Yes,2,No
77.125.50.44,188,3.13,11/24/2022 15:18,32.0759,34.8215,Native / Bilingual or Full Professional Proficiency,No Proficiency,No Proficiency,No Proficiency,No Proficiency,4,4,4,4,3,3,4,3,4,3,IM_4Jcc40dsj8zuGDs,Male,55 - 64 years old,Single,Bachelor's degree,Working full-time,156 - Yes,5,Yes
89.237.100.105,187,3.12,11/24/2022 15:26,32.0759,34.8215,Native / Bilingual or Full Professional Proficiency,Reading and understanding,Reading and understanding,Native / Bilingual or Full Professional Proficiency,No Proficiency,3,3,3,3,3,3,3,3,3,3,IM_4Jcc40dsj8zuGDs,Male,45 - 54 years old,Married,Master's degree,Retired,157 - No,1,No
84.229.5.252,242,4.03,11/24/2022 17:35,31.8943,34.8192,Native / Bilingual or Full Professional Proficiency,No Proficiency,No Proficiency,No Proficiency,No Proficiency,3,3,7,4,3,7,4,1,5,7,IM_4Jcc40dsj8zuGDs,Female,55 - 64 years old,Divorced / Separated,Bachelor's degree,Working part-time,158 - Yes,7.5,Yes
109.64.112.0,566,9.43,11/24/2022 21:54,32.0803,34.7805,Native / Bilingual or Full Professional Proficiency,No Proficiency,No Proficiency,No Proficiency,No Proficiency,4,4,3,2,3,4,6,2,1,4,IM_4Jcc40dsj8zuGDs,Female,45 - 54 years old,Married,Bachelor's degree,Working full-time,159 - Yes,10,No
109.65.54.215,533,8.88,11/24/2022 22:26,31.9642,34.7876,Reading and understanding,Reading and understanding,Speaking only,No Proficiency,No Proficiency,3,7,7,6,3,6,4,7,5,1,IM_4Jcc40dsj8zuGDs,Female,65+  years old,Married,Bachelor's degree,Working full-time,160 - No,2,No
109.186.83.2,351,5.85,11/24/2022 23:08,32.1033,34.8879,Native / Bilingual or Full Professional Proficiency,No Proficiency,No Proficiency,No Proficiency,No Proficiency,2,7,5,5,2,6,7,1,4,3,IM_4Jcc40dsj8zuGDs,Female,25 - 34 years old,Married,Master's degree,Working full-time,161 - Yes,0,Yes
212.116.171.150,368,6.13,11/24/2022 23:29,33.165,35.6642,Native / Bilingual or Full Professional Proficiency,No Proficiency,No Proficiency,No Proficiency,No Proficiency,6,4,5,2,5,3,5,1,5,1,IM_4Jcc40dsj8zuGDs,Male,45 - 54 years old,Married,Master's degree,Working full-time,162 - No,3.5,No
77.126.195.99,260,4.33,11/25/2022 0:56,32.0803,34.7805,Native / Bilingual or Full Professional Proficiency,No Proficiency,No Proficiency,No Proficiency,Reading and understanding,6,4,7,4,7,4,7,1,7,1,IM_dmMU1KI43SV5um2,Female,35 - 44 years old,Married,Master's degree,Working full-time,163 - Yes,5,No
79.183.79.188,373,6.22,11/25/2022 1:23,32.7605,35.152,Native / Bilingual or Full Professional Proficiency,Native / Bilingual or Full Professional Proficiency,No Proficiency,No Proficiency,No Proficiency,5,1,2,1,6,1,7,1,2,1,IM_dmMU1KI43SV5um2,Female,65+  years old,Divorced / Separated,Bachelor's degree,Working full-time,164 - Yes,2,No
79.183.159.85,345,5.75,11/25/2022 10:51,32.1033,34.8879,Native / Bilingual or Full Professional Proficiency,No Proficiency,No Proficiency,Native / Bilingual or Full Professional Proficiency,No Proficiency,5,5,5,1,6,5,6,1,6,2,IM_cHofXzQ2tkFJ01g,Female,25 - 34 years old,Married,Bachelor's degree,Working full-time,165 - Yes,7.5,No
212.117.151.42,351,5.85,11/26/2022 7:17,32.4542,34.9541,Native / Bilingual or Full Professional Proficiency,No Proficiency,No Proficiency,No Proficiency,No Proficiency,3,2,3,3,5,3,5,3,4,4,IM_4Jcc40dsj8zuGDs,Female,45 - 54 years old,Married,Master's degree,Working full-time,166 - Yes,10,No
147.235.214.50,745,12.42,11/26/2022 11:40,32.0123,34.7705,Native / Bilingual or Full Professional Proficiency,Reading and understanding,Speaking only,No Proficiency,Reading and understanding,6,6,4,6,4,2,5,3,3,1,IM_dmMU1KI43SV5um2,Female,18 - 24 years old,Single,Bachelor's degree,Working full-time,167 - Yes,0,Yes
31.44.128.209,301,5.02,11/27/2022 2:20,31.9281,35.0517,Reading and understanding,No Proficiency,No Proficiency,No Proficiency,No Proficiency,1,6,4,2,4,2,3,2,6,5,IM_esRrewWxAThl3FQ,Female,18 - 24 years old,Single,Bachelor's degree,Student,168 - No ,3.5,No
109.253.187.159,694,11.57,11/27/2022 4:50,32.0803,34.7805,Native / Bilingual or Full Professional Proficiency,No Proficiency,Reading and understanding,No Proficiency,No Proficiency,6,7,6,4,6,3,7,5,6,3,IM_4Jcc40dsj8zuGDs,Male,25 - 34 years old,Living with a partner,Bachelor's degree,Working full-time,169 - Yes,5,No
147.236.238.85,320,5.33,11/27/2022 7:24,32.0803,34.7805,Reading and understanding,No Proficiency,No Proficiency,No Proficiency,Speaking only,3,3,4,3,2,4,4,4,5,3,IM_dmMU1KI43SV5um2,Female,45 - 54 years old,Married,Less than high school degree,Working full-time,170 - No,5,No
109.186.48.81,365,6.08,11/27/2022 7:46,32.0803,34.7805,Speaking only,No Proficiency,No Proficiency,No Proficiency,No Proficiency,5,4,5,6,5,4,7,6,6,7,IM_esRrewWxAThl3FQ,Male,45 - 54 years old,Married,Master's degree,Working full-time,171 - No,1,No
82.81.141.234,197,3.28,11/27/2022 8:47,32.1693,34.882,Reading and understanding,No Proficiency,No Proficiency,No Proficiency,No Proficiency,5,2,6,4,3,4,2,3,5,5,IM_4Jcc40dsj8zuGDs,Male,25 - 34 years old,Living with a partner,Bachelor's degree,Working full-time,172 - No,10,Yes
89.138.46.50,277,4.62,11/27/2022 8:48,32.0803,34.7805,Reading and understanding,No Proficiency,No Proficiency,No Proficiency,No Proficiency,3,3,3,4,4,5,7,1,3,2,IM_78wglioPC0XZGrY,Female,25 - 34 years old,Divorced / Separated,Bachelor's degree,Working full-time,173 - No,3.5,Yes
147.235.220.77,201,3.35,11/27/2022 8:49,31.9642,34.7876,Native / Bilingual or Full Professional Proficiency,Speaking only,No Proficiency,Speaking only,No Proficiency,3,6,6,2,6,5,6,6,6,5,IM_cHofXzQ2tkFJ01g,Male,25 - 34 years old,Living with a partner,Bachelor's degree,Working full-time,174 - No,7.5,Yes
213.8.173.1,372,6.2,11/27/2022 8:49,31.8147,34.7846,Native / Bilingual or Full Professional Proficiency,Reading and understanding,No Proficiency,No Proficiency,Native / Bilingual or Full Professional Proficiency,4,4,4,4,5,4,4,4,5,4,IM_dmMU1KI43SV5um2,Male,25 - 34 years old,Single,Bachelor's degree,Working part-time,175 - Yes,0,No
85.65.210.17,284,4.73,11/27/2022 8:54,32.1033,34.8879,Native / Bilingual or Full Professional Proficiency,Speaking only,No Proficiency,No Proficiency,No Proficiency,6,3,2,4,6,4,7,2,4,2,IM_cHofXzQ2tkFJ01g,Female,45 - 54 years old,Divorced / Separated,Master's degree,Working full-time,176 - No,2,No
176.12.245.90,315,5.25,11/27/2022 8:57,32.0803,34.7805,Native / Bilingual or Full Professional Proficiency,Reading and understanding,No Proficiency,Reading and understanding,No Proficiency,6,3,3,2,5,2,5,2,3,2,IM_cHofXzQ2tkFJ01g,Female,45 - 54 years old,Married,Bachelor's degree,Working full-time,177 - No,0,Yes
77.137.73.19,289,4.82,11/27/2022 9:02,32.0803,34.7805,Native / Bilingual or Full Professional Proficiency,No Proficiency,No Proficiency,No Proficiency,No Proficiency,2,2,7,2,7,5,7,2,7,5,IM_dmMU1KI43SV5um2,Female,55 - 64 years old,Widowed,Master's degree,Working full-time,178 - No,2,No
77.124.108.161,551,9.18,11/27/2022 9:07,32.0759,34.8215,Reading and understanding,No Proficiency,No Proficiency,No Proficiency,No Proficiency,5,3,6,2,6,3,5,1,6,4,IM_78wglioPC0XZGrY,Female,55 - 64 years old,Married,Bachelor's degree,Working full-time,179 - Yes,7.5,Yes
85.250.6.250,356,5.93,11/27/2022 9:07,32.0123,34.7705,Reading and understanding,No Proficiency,No Proficiency,No Proficiency,No Proficiency,2,5,6,2,6,5,6,5,6,2,IM_cHofXzQ2tkFJ01g,Male,45 - 54 years old,Married,Bachelor's degree,Unemployed and looking for work,180 - No,1,Yes
84.229.125.62,261,4.35,11/27/2022 9:09,32.4419,34.9039,Native / Bilingual or Full Professional Proficiency,No Proficiency,No Proficiency,Native / Bilingual or Full Professional Proficiency,No Proficiency,4,3,7,5,5,6,5,1,7,3,IM_cHofXzQ2tkFJ01g,Male,25 - 34 years old,Married,Master's degree,Working full-time,181 - Yes,10,Yes
77.125.70.25,415,6.92,11/27/2022 9:10,31.9642,34.7876,Reading and understanding,No Proficiency,No Proficiency,No Proficiency,No Proficiency,2,3,1,6,2,4,3,7,3,6,IM_esRrewWxAThl3FQ,Female,55 - 64 years old,Single,Master's degree,Working full-time,182 - Yes,5,Yes
141.226.75.79,170,2.83,11/27/2022 9:11,32.0803,34.7805,Reading and understanding,Reading and understanding,Reading and understanding,Reading and understanding,Reading and understanding,5,6,6,6,6,6,6,6,5,6,IM_4Jcc40dsj8zuGDs,Prefer not to say,25 - 34 years old,Widowed,Bachelor's degree,Student,183 - No,2,Yes
5.28.186.213,527,8.78,11/27/2022 9:11,32.0803,34.7805,Reading and understanding,No Proficiency,No Proficiency,No Proficiency,No Proficiency,3,4,6,4,3,5,5,2,4,4,IM_dmMU1KI43SV5um2,Male,35 - 44 years old,Divorced / Separated,Bachelor's degree,Working full-time,184 - Yes,3.5,No
176.229.188.92,390,6.5,11/27/2022 9:12,32.4419,34.9039,Reading and understanding,No Proficiency,No Proficiency,No Proficiency,No Proficiency,1,1,6,6,2,2,5,1,4,4,IM_9tpaeFzdkiuV5bw,Female,35 - 44 years old,Married,High school graduate (high school diploma or equivalent including GDE),Working part-time,185 - Yes,10,Yes
46.120.85.8,248,4.13,11/27/2022 9:14,32.0729,34.8481,Reading and understanding,No Proficiency,No Proficiency,No Proficiency,No Proficiency,4,2,4,3,5,6,5,5,6,4,IM_4Jcc40dsj8zuGDs,Male,Under 18,Married,Bachelor's degree,Working full-time,186 - No,5,No
109.253.171.60,923,15.38,11/27/2022 9:18,32.0803,34.7805,Reading and understanding,No Proficiency,No Proficiency,Native / Bilingual or Full Professional Proficiency,No Proficiency,2,3,4,3,4,5,5,2,6,4,IM_78wglioPC0XZGrY,Male,45 - 54 years old,Married,Phd,Working full-time,187 - Yes,0,No
84.229.123.157,419,6.98,11/27/2022 9:18,32.0629,34.8703,Native / Bilingual or Full Professional Proficiency,No Proficiency,Speaking only,No Proficiency,No Proficiency,6,6,2,5,7,5,6,1,6,1,IM_4Jcc40dsj8zuGDs,Male,55 - 64 years old,Divorced / Separated,Master's degree,Working full-time,188 - Yes,1,Yes
109.186.219.37,163,2.72,11/27/2022 9:23,32.0803,34.7805,Native / Bilingual or Full Professional Proficiency,No Proficiency,No Proficiency,No Proficiency,Speaking only,1,2,5,4,2,6,2,2,5,6,IM_dmMU1KI43SV5um2,Male,35 - 44 years old,Married,Bachelor's degree,Working full-time,189 - No ,3.5,Yes
87.71.161.234,568,9.47,11/27/2022 9:31,32.6113,35.2885,Reading and understanding,No Proficiency,Speaking only,No Proficiency,No Proficiency,5,4,4,2,6,2,6,2,3,5,IM_dmMU1KI43SV5um2,Female,35 - 44 years old,Married,Bachelor's degree,Working full-time,190 - Yes,7.5,Yes
87.71.204.47,260,4.33,11/27/2022 9:37,32.1772,34.9039,Native / Bilingual or Full Professional Proficiency,No Proficiency,No Proficiency,No Proficiency,No Proficiency,5,3,5,4,6,4,3,3,4,4,IM_4Jcc40dsj8zuGDs,Male,55 - 64 years old,Living with a partner,Bachelor's degree,Unemployed and looking for work,191 - No,7.5,Yes
176.12.222.108,626,10.43,11/27/2022 9:41,32.0803,34.7805,Reading and understanding,No Proficiency,No Proficiency,No Proficiency,No Proficiency,4,4,4,4,5,3,6,2,3,2,IM_4Jcc40dsj8zuGDs,Female,65+  years old,Married,Master's degree,Retired,192 - Yes,3.5,No
93.173.100.86,549,9.15,11/27/2022 9:42,32.1693,34.882,Native / Bilingual or Full Professional Proficiency,No Proficiency,No Proficiency,No Proficiency,No Proficiency,3,3,4,3,5,4,4,4,5,3,IM_4Jcc40dsj8zuGDs,Male,65+  years old,Married,Bachelor's degree,Retired,193 - Yes,10,Yes
84.95.72.232,564,9.4,11/27/2022 9:43,31.6057,34.7604,Reading and understanding,Reading and understanding,No Proficiency,No Proficiency,No Proficiency,3,5,5,4,5,5,4,4,5,5,IM_4Jcc40dsj8zuGDs,Male,45 - 54 years old,Married,Bachelor's degree,Working full-time,194 - No,1,No
81.218.215.55,211,3.52,11/27/2022 9:43,32.214,34.811,Reading and understanding,No Proficiency,No Proficiency,No Proficiency,No Proficiency,7,1,7,1,5,2,4,1,4,4,IM_dmMU1KI43SV5um2,Male,35 - 44 years old,Married,Bachelor's degree,Working full-time,195 - Yes,2,No
109.253.189.95,271,4.52,11/27/2022 9:43,32.0803,34.7805,Reading and understanding,No Proficiency,No Proficiency,No Proficiency,No Proficiency,4,1,5,5,5,5,5,5,5,5,IM_4Jcc40dsj8zuGDs,Female,55 - 64 years old,Married,High school graduate (high school diploma or equivalent including GDE),Working full-time,196 - No,5,Yes
46.19.85.120,379,6.32,11/27/2022 9:48,32.0803,34.7805,Native / Bilingual or Full Professional Proficiency,No Proficiency,Native / Bilingual or Full Professional Proficiency,No Proficiency,Speaking only,2,4,4,5,4,5,4,2,2,3,IM_cHofXzQ2tkFJ01g,Male,35 - 44 years old,Married,Bachelor's degree,Working full-time,197 - Yes,0,No
2.54.179.101,300,5,11/27/2022 9:53,32.0803,34.7805,Native / Bilingual or Full Professional Proficiency,No Proficiency,Reading and understanding,No Proficiency,No Proficiency,5,4,5,4,5,4,7,3,4,2,IM_4Jcc40dsj8zuGDs,Female,25 - 34 years old,Living with a partner,Bachelor's degree,Working part-time,198 - Yes,10,Yes
109.253.201.180,402,6.7,11/27/2022 9:57,32.0803,34.7805,Reading and understanding,No Proficiency,No Proficiency,No Proficiency,No Proficiency,3,6,2,4,4,6,3,4,5,4,IM_4Jcc40dsj8zuGDs,Female,35 - 44 years old,Divorced / Separated,Master's degree,Working full-time,199 - No,3.5,No
94.188.131.60,192,3.2,11/27/2022 10:09,32.0803,34.7805,Native / Bilingual or Full Professional Proficiency,No Proficiency,No Proficiency,No Proficiency,No Proficiency,2,2,1,1,4,5,5,1,6,3,IM_dmMU1KI43SV5um2,Female,45 - 54 years old,Divorced / Separated,Bachelor's degree,Working full-time,200 - No,7.5,No
77.137.76.210,664,11.07,11/27/2022 10:09,32.0803,34.7805,Reading and understanding,No Proficiency,No Proficiency,No Proficiency,No Proficiency,3,3,3,3,3,3,3,3,3,3,IM_dmMU1KI43SV5um2,Female,45 - 54 years old,Married,Bachelor's degree,Working full-time,201 - Yes,5,No
95.86.65.145,185,3.08,11/27/2022 10:12,32.1693,34.882,Native / Bilingual or Full Professional Proficiency,No Proficiency,No Proficiency,No Proficiency,No Proficiency,4,4,4,5,5,5,6,5,6,4,IM_4Jcc40dsj8zuGDs,Male,35 - 44 years old,Married,Bachelor's degree,Working full-time,202 - No,1,No
87.69.43.27,218,3.63,11/27/2022 10:35,32.816,34.9821,Speaking only,No Proficiency,No Proficiency,No Proficiency,No Proficiency,5,5,5,4,5,5,5,4,5,4,IM_esRrewWxAThl3FQ,Male,45 - 54 years old,Single,Bachelor's degree,Working full-time,203 - No,2,Yes
109.186.73.170,653,10.88,11/27/2022 10:39,32.0803,34.7805,Reading and understanding,No Proficiency,No Proficiency,Native / Bilingual or Full Professional Proficiency,No Proficiency,3,2,2,3,4,2,4,2,2,4,IM_esRrewWxAThl3FQ,Female,55 - 64 years old,Married,Bachelor's degree,Working full-time,204 - Yes,0,Yes
147.234.64.78,341,5.68,11/27/2022 10:45,32.0837,34.8282,Native / Bilingual or Full Professional Proficiency,Native / Bilingual or Full Professional Proficiency,No Proficiency,No Proficiency,No Proficiency,2,2,4,1,7,5,1,1,7,1,IM_78wglioPC0XZGrY,Male,25 - 34 years old,Married,Bachelor's degree,Working full-time,205 - Yes**,3.5,No
77.137.67.141,460,7.67,11/27/2022 11:01,31.5,34.75,Reading and understanding,No Proficiency,Reading and understanding,No Proficiency,No Proficiency,3,2,7,1,6,4,5,1,7,2,IM_dmMU1KI43SV5um2,Male,65+  years old,Married,Bachelor's degree,Working part-time,206 - Yes,1,No
80.178.186.1,269,4.48,11/30/2022 7:25,32.0803,34.7805,Reading and understanding,No Proficiency,No Proficiency,No Proficiency,No Proficiency,1,1,4,1,4,1,7,2,5,4,IM_cHofXzQ2tkFJ01g,Female,35 - 44 years old,Married,Phd,Working full-time,207 - Yes,10,No
85.250.147.211,248,4.13,11/30/2022 7:29,32.8304,35.0912,Native / Bilingual or Full Professional Proficiency,No Proficiency,No Proficiency,No Proficiency,No Proficiency,2,6,5,2,5,5,2,3,4,1,IM_cHofXzQ2tkFJ01g,Male,45 - 54 years old,Married,Phd,Working full-time,208 - Yes,7.5,Yes
89.139.149.180,388,6.47,11/30/2022 7:32,32.4066,34.9284,Reading and understanding,No Proficiency,No Proficiency,No Proficiency,No Proficiency,6,5,6,2,6,3,6,1,7,1,IM_9tpaeFzdkiuV5bw,Female,55 - 64 years old,Divorced / Separated,Master's degree,Working part-time,209 - Yes,7.5,No
77.139.24.148,427,7.12,11/30/2022 7:34,31.6656,34.5697,Native / Bilingual or Full Professional Proficiency,No Proficiency,No Proficiency,No Proficiency,No Proficiency,4,7,5,4,4,1,7,1,1,4,IM_cHofXzQ2tkFJ01g,Female,25 - 34 years old,Single,Bachelor's degree,Working full-time,210 - Yes,10,Yes
141.226.75.11,418,6.97,11/30/2022 7:40,31.7674,35.2186,Reading and understanding,No Proficiency,No Proficiency,No Proficiency,No Proficiency,2,2,5,4,6,5,3,3,3,2,IM_dmMU1KI43SV5um2,Female,25 - 34 years old,Married,Bachelor's degree,Student,211 - Yes,10,No
77.125.22.83,402,6.7,11/30/2022 7:42,32.0559,34.8563,Native / Bilingual or Full Professional Proficiency,No Proficiency,Reading and understanding,No Proficiency,Reading and understanding,4,4,5,2,4,3,5,2,5,2,IM_dmMU1KI43SV5um2,Female,25 - 34 years old,Married,Master's degree,Working full-time,212 - No,7.5,No
147.235.214.120,431,7.18,11/30/2022 7:50,32.0123,34.7705,Reading and understanding,No Proficiency,No Proficiency,Native / Bilingual or Full Professional Proficiency,No Proficiency,6,2,4,1,7,5,7,2,6,1,IM_4Jcc40dsj8zuGDs,Female,35 - 44 years old,Married,Bachelor's degree,Student,213 - Yes,10,No
109.64.62.40,511,8.52,11/30/2022 7:54,31.6656,34.5697,Native / Bilingual or Full Professional Proficiency,Reading and understanding,No Proficiency,No Proficiency,No Proficiency,1,1,3,1,6,1,1,1,1,1,IM_cHofXzQ2tkFJ01g,Female,65+  years old,Divorced / Separated,Bachelor's degree,Working full-time,214 - No,7.5,No
147.235.214.109,268,4.47,11/30/2022 7:56,32.0123,34.7705,Reading and understanding,No Proficiency,No Proficiency,Native / Bilingual or Full Professional Proficiency,No Proficiency,3,3,5,5,7,5,6,3,5,5,IM_4Jcc40dsj8zuGDs,Female,35 - 44 years old,Divorced / Separated,Bachelor's degree,Working full-time,215 - Yes**,10,No
37.142.121.98,467,7.78,11/30/2022 8:01,32.1033,34.8879,Native / Bilingual or Full Professional Proficiency,No Proficiency,No Proficiency,No Proficiency,No Proficiency,2,7,4,4,3,7,3,3,6,5,IM_cHofXzQ2tkFJ01g,Male,35 - 44 years old,Married,Master's degree,Working full-time,216 - No,7.5,Yes
87.71.135.2,237,3.95,11/30/2022 8:02,32.1033,34.8879,Reading and understanding,No Proficiency,No Proficiency,No Proficiency,No Proficiency,3,2,6,5,5,6,3,4,6,4,IM_78wglioPC0XZGrY,Male,25 - 34 years old,Married,Bachelor's degree,Working full-time,217 - No,10,No
77.137.71.19,578,9.63,11/30/2022 8:13,31.5,34.75,Reading and understanding,No Proficiency,No Proficiency,No Proficiency,No Proficiency,5,5,6,4,5,5,3,3,4,6,IM_9tpaeFzdkiuV5bw,Male,45 - 54 years old,Married,Bachelor's degree,Working full-time,218 - Yes,7.5,Yes
95.86.78.94,330,5.5,11/30/2022 8:13,31.7674,35.2186,Reading and understanding,No Proficiency,No Proficiency,No Proficiency,No Proficiency,4,6,5,4,7,2,7,1,4,1,IM_cHofXzQ2tkFJ01g,Female,18 - 24 years old,Single,Bachelor's degree,Student,219 - No,10,Yes
75.166.204.243,429,7.15,11/30/2022 8:19,39.7321,-104.9555,Native / Bilingual or Full Professional Proficiency,Native / Bilingual or Full Professional Proficiency,Native / Bilingual or Full Professional Proficiency,No Proficiency,No Proficiency,4,4,6,4,6,4,5,2,4,2,IM_78wglioPC0XZGrY,Female,65+  years old,Married,Bachelor's degree,Retired,220 - Yes,7.5,No
77.125.132.166,349,5.82,11/30/2022 8:45,32.3348,34.8596,Reading and understanding,No Proficiency,No Proficiency,No Proficiency,No Proficiency,5,2,2,2,2,5,6,3,7,4,IM_78wglioPC0XZGrY,Male,35 - 44 years old,Married,Master's degree,Working full-time,221 - Yes,7.5,No
87.71.183.180,293,4.88,11/30/2022 9:55,32.1033,34.8879,Reading and understanding,No Proficiency,No Proficiency,No Proficiency,Reading and understanding,3,4,4,4,5,7,4,1,2,1,IM_4Jcc40dsj8zuGDs,Female,25 - 34 years old,Married,Master's degree,Prefer not to say,222 - Yes,7.5,No
176.230.202.151,653,10.88,11/30/2022 10:19,29.548,34.9556,Reading and understanding,No Proficiency,Speaking only,Speaking only,No Proficiency,5,5,6,2,6,3,6,2,5,1,IM_esRrewWxAThl3FQ,Female,35 - 44 years old,Married,Master's degree,A homemaker or stay-at-home parent,223 - Yes,10,No
84.229.89.226,367,6.12,11/30/2022 11:13,31.8943,34.8192,Native / Bilingual or Full Professional Proficiency,No Proficiency,Native / Bilingual or Full Professional Proficiency,No Proficiency,No Proficiency,4,4,6,7,6,4,6,3,2,1,IM_78wglioPC0XZGrY,Female,55 - 64 years old,Married,Bachelor's degree,Retired,224 - No,7.5,No
80.230.158.203,739,12.32,11/30/2022 12:52,32.0803,34.7805,Reading and understanding,No Proficiency,No Proficiency,No Proficiency,No Proficiency,2,4,4,3,4,5,6,2,6,3,IM_dmMU1KI43SV5um2,Female,55 - 64 years old,Married,Master's degree,Working full-time,225 - No,10,No
46.117.160.198,265,4.42,11/30/2022 13:20,32.1772,34.9039,Native / Bilingual or Full Professional Proficiency,No Proficiency,Speaking only,No Proficiency,No Proficiency,4,5,6,5,7,6,6,1,5,4,IM_cHofXzQ2tkFJ01g,Female,25 - 34 years old,Single,Bachelor's degree,Working full-time,226 - No,7.5,Yes
77.137.70.205,15222,253.7,11/30/2022 13:26,32.1772,34.9039,Reading and understanding,No Proficiency,Speaking only,Reading and understanding,No Proficiency,4,5,4,5,3,3,4,3,4,3,IM_cHofXzQ2tkFJ01g,Female,25 - 34 years old,Married,Phd,Working full-time,227 - Yes,10,No
164.138.117.8,202,3.37,11/30/2022 14:10,31.7674,35.2186,Reading and understanding,No Proficiency,Reading and understanding,No Proficiency,No Proficiency,6,4,2,2,6,4,6,2,6,2,IM_dmMU1KI43SV5um2,Female,25 - 34 years old,Single,Bachelor's degree,Working part-time,228 - No,10,No
213.137.70.242,1208,20.13,11/30/2022 14:55,32.0803,34.7805,Native / Bilingual or Full Professional Proficiency,No Proficiency,No Proficiency,No Proficiency,Reading and understanding,4,4,2,2,6,5,5,3,6,2,IM_78wglioPC0XZGrY,Male,35 - 44 years old,Divorced / Separated,Bachelor's degree,Working full-time,229 - Yes**,7.5,Yes
176.12.232.134,628,10.47,11/30/2022 23:45,32.0803,34.7805,Native / Bilingual or Full Professional Proficiency,No Proficiency,No Proficiency,No Proficiency,No Proficiency,2,4,7,6,5,4,7,1,4,6,IM_78wglioPC0XZGrY,Male,25 - 34 years old,Married,Bachelor's degree,Working full-time,230 - Yes,10,No
213.8.241.210,1131,18.85,12/1/2022 1:52,32.0803,34.7805,Reading and understanding,No Proficiency,Speaking only,No Proficiency,No Proficiency,4,3,3,7,5,5,4,1,2,4,IM_dmMU1KI43SV5um2,Female,25 - 34 years old,Single,Master's degree,Working part-time,231 - Yes,7.5,No
132.64.196.67,2431,40.52,12/1/2022 3:06,31.7674,35.2186,Reading and understanding,No Proficiency,No Proficiency,No Proficiency,No Proficiency,5,4,5,4,5,2,6,2,3,2,IM_78wglioPC0XZGrY,Female,25 - 34 years old,Married,Master's degree,Working full-time,232 - Yes,10,Yes
212.76.106.200,195,3.25,12/1/2022 3:30,31.7674,35.2186,Native / Bilingual or Full Professional Proficiency,No Proficiency,Speaking only,No Proficiency,No Proficiency,5,5,4,5,7,1,6,5,4,2,IM_esRrewWxAThl3FQ,Male,45 - 54 years old,Married,Master's degree,Working full-time,233 - Yes,10,No
213.137.72.89,498,8.3,12/1/2022 4:30,32.0803,34.7805,Native / Bilingual or Full Professional Proficiency,No Proficiency,Speaking only,No Proficiency,No Proficiency,6,3,2,4,6,1,2,5,2,5,IM_4Jcc40dsj8zuGDs,Female,35 - 44 years old,Married,Bachelor's degree,Working full-time,234  - Yes,7.5,No
77.137.70.89,629,10.48,12/1/2022 5:19,32.0803,34.7805,Native / Bilingual or Full Professional Proficiency,No Proficiency,No Proficiency,Speaking only,No Proficiency,5,4,1,1,6,4,5,1,7,2,IM_cHofXzQ2tkFJ01g,Male,35 - 44 years old,Married,Bachelor's degree,Working full-time,235 - No,10,Yes
176.12.183.232,201,3.35,12/1/2022 6:30,31.7674,35.2186,Reading and understanding,No Proficiency,No Proficiency,No Proficiency,No Proficiency,4,4,2,2,6,4,6,2,7,5,IM_78wglioPC0XZGrY,Male,25 - 34 years old,Single,Bachelor's degree,Working part-time,236 - No,7.5,Yes
134.191.233.204,359,5.98,12/1/2022 6:34,32.816,34.9821,Native / Bilingual or Full Professional Proficiency,No Proficiency,No Proficiency,Native / Bilingual or Full Professional Proficiency,No Proficiency,4,5,5,6,4,6,5,6,5,3,IM_4Jcc40dsj8zuGDs,Male,35 - 44 years old,Married,Bachelor's degree,Working full-time,237 - No,7.5,No
147.235.215.178,92236,1537.27,12/1/2022 8:59,32.816,34.9821,Reading and understanding,No Proficiency,Speaking only,Reading and understanding,No Proficiency,7,7,7,4,4,1,7,1,5,4,IM_4Jcc40dsj8zuGDs,Female,25 - 34 years old,Married,Master's degree,Working full-time,238 - No,10,Yes
109.253.207.178,570,9.5,12/1/2022 11:26,32.0803,34.7805,Reading and understanding,No Proficiency,No Proficiency,Native / Bilingual or Full Professional Proficiency,No Proficiency,3,4,3,5,5,4,7,2,2,5,IM_esRrewWxAThl3FQ,Female,35 - 44 years old,Married,Bachelor's degree,Working full-time,239 - No,10,No
147.235.78.230,314,5.23,12/4/2022 1:04,31.2538,34.7858,Native / Bilingual or Full Professional Proficiency,No Proficiency,No Proficiency,Speaking only,No Proficiency,5,4,3,6,6,4,6,1,4,3,IM_cHofXzQ2tkFJ01g,Female,45 - 54 years old,Married,Bachelor's degree,Working full-time,240 - Yes,7.5,Yes
77.125.49.102,358,5.97,12/4/2022 9:28,32.0292,34.8579,Reading and understanding,No Proficiency,Reading and understanding,Speaking only,No Proficiency,3,1,4,2,5,4,5,1,4,1,IM_dmMU1KI43SV5um2,Female,35 - 44 years old,Married,Bachelor's degree,A homemaker or stay-at-home parent,241 - No,10,Yes
5.28.184.147,178,2.97,12/5/2022 1:30,32.0123,34.7705,Speaking only,No Proficiency,No Proficiency,No Proficiency,Reading and understanding,6,3,3,3,5,6,5,4,2,3,IM_cHofXzQ2tkFJ01g,Prefer not to say,18 - 24 years old,Single,Bachelor's degree,A homemaker or stay-at-home parent,242 - No,7.5,No
212.235.98.140,468,7.8,12/5/2022 8:48,31.9396,34.8425,Speaking only,No Proficiency,Reading and understanding,Native / Bilingual or Full Professional Proficiency,No Proficiency,3,4,3,4,5,4,4,4,4,6,IM_4Jcc40dsj8zuGDs,Male,55 - 64 years old,Married,Master's degree,Working full-time,243 - Yes,10,Yes
77.137.73.245,327,5.45,12/6/2022 9:16,32.0803,34.7805,Native / Bilingual or Full Professional Proficiency,No Proficiency,No Proficiency,No Proficiency,No Proficiency,5,2,7,2,6,3,6,3,5,3,IM_4Jcc40dsj8zuGDs,Female,45 - 54 years old,Divorced / Separated,Bachelor's degree,Working full-time,244 - Yes,7.5,Yes
46.19.86.140,263,4.38,12/6/2022 9:17,32.0803,34.7805,No Proficiency,No Proficiency,No Proficiency,No Proficiency,No Proficiency,3,1,7,1,5,6,7,1,7,2,IM_78wglioPC0XZGrY,Male,25 - 34 years old,Divorced / Separated,Bachelor's degree,Working full-time,245 - Yes,10,Yes
31.154.162.114,280,4.67,12/6/2022 9:32,32.2075,34.9827,Reading and understanding,Speaking only,No Proficiency,No Proficiency,No Proficiency,6,7,1,1,7,5,7,3,5,2,IM_9tpaeFzdkiuV5bw,Female,65+  years old,Married,Master's degree,Retired,246 - Yes,7.5,Yes
2.55.34.62,2777,46.28,12/6/2022 12:00,32.0803,34.7805,Reading and understanding,No Proficiency,No Proficiency,No Proficiency,No Proficiency,4,4,2,4,5,3,5,2,4,2,IM_cHofXzQ2tkFJ01g,Female,55 - 64 years old,Single,Bachelor's degree,Retired,247 - Yes,7.5,Yes
212.143.116.166,887,14.78,12/6/2022 23:31,32.3348,34.8596,Native / Bilingual or Full Professional Proficiency,No Proficiency,No Proficiency,Native / Bilingual or Full Professional Proficiency,No Proficiency,5,5,5,4,5,4,5,2,4,4,IM_78wglioPC0XZGrY,Female,35 - 44 years old,Married,Master's degree,Working full-time,248 - Yes,10,No
46.121.9.89,362,6.03,12/7/2022 0:20,31.8943,34.8192,Native / Bilingual or Full Professional Proficiency,No Proficiency,No Proficiency,No Proficiency,Reading and understanding,2,5,7,3,5,5,6,2,6,3,IM_cHofXzQ2tkFJ01g,Female,25 - 34 years old,Single,Bachelor's degree,Working full-time,249 - Yes,10,Yes
